username,language_used,level_language
00matt00,en,3
00matt00,fr,2
00matt00,it,4
00matt00,es,N
00matt00,ca,1
123neomar,en,4
123neomar,es,N
220284lili,fr,3
220284lili,de,3
220284lili,en,3
220284lili,it,2
220284lili,es,N
26agcp,yua,2
26agcp,en,3
26agcp,it,1
26agcp,fr,2
26agcp,es,N
2iae,en,3
2iae,es,N
2x2leax,en,4
2x2leax,qu,1
2x2leax,pt,1
2x2leax,es,N
3BRBS,en,4
3BRBS,es,N
3BRBS,pt,1
4lextintor,en,2
4lextintor,es,5
5ysksos6,arn,0
5ysksos6,en,3
5ysksos6,es,N
A52hepof,en,4
A52hepof,es,N
ACT2021,es,N
ACT2021,ca,N
ACT2021,en,2
ALG108,pt,3
ALG108,it,4
ALG108,es,N
ALG108,en,2
AMPERIO,en,4
AMPERIO,es,N
AMPERIO,gl,N
AMPERIO,fr,3
AORV,es,N
ARM SV 8311,fr,N
ARM SV 8311,en,4
ARM SV 8311,es,4
AU678,en,2
AU678,es,N
AWritingHuman,es,N
AWritingHuman,de,1
AWritingHuman,en,3
Aarón Mayo,en,3
Aarón Mayo,fr,2
Aarón Mayo,es,N
Abc910,en,3
Abc910,es,N
Abitowlish,en,N
Abitowlish,es,3
Acharton,ca,2
Acharton,es,N
Acharton,en,5
Acharton,pt,2
Adam080,sv,2
Adam080,en,3
Adam080,he,3
Adam080,es,N
Adannoes,en,3
Adannoes,es,N
Adannoes,it,1
AdelfunsCastellae,fr,2
AdelfunsCastellae,es,N
AdelfunsCastellae,ru,1
AdelfunsCastellae,en,3
Adrienj,fr,N
Adrienj,en,3
Adrienj,de,1
Adrienj,pt,2
Adrienj,it,1
Adrienj,es,3
Adrikikicp,en,2
Adrikikicp,es,N
Adrián Cerón,it,2
Adrián Cerón,pt,1
Adrián Cerón,nah,1
Adrián Cerón,en,2
Adrián Cerón,es,N
Adrián Cerón,de,2
Adrián Cerón,fr,2
Adruki,ca,2
Adruki,es,N
Adruki,en,1
Adumoul,en,4
Adumoul,nl,2
Adumoul,es,4
Adumoul,fr,N
Aegidus,pl,1
Aegidus,eo,1
Aegidus,pt,2
Aegidus,ar,1
Aegidus,io,1
Aegidus,es,N
Aegidus,de,2
Aegidus,fr,3
Aegidus,it,2
Aegidus,en,3
Aegidus,ca,N
Aequatoria civis,es,N
Aequatoria civis,en,3
AetherYeager,fr,1
AetherYeager,es,N
AetherYeager,en,3
Aeveraal,es,N
Aeveraal,en,4
Aeveraal,pt,3
Aeveraal,fr,1
Aeveraal,it,3
Agremon,pt,1
Agremon,gl,N
Agremon,es,N
Agremon,fr,2
Agremon,it,1
Agremon,en,1
Agusbou2015,es,N
Agusbou2015,en,3
Aidalova,fr,0
Aidalova,es,N
Aidalova,ca,N
Aidalova,en,2
Aidlt,en,3
Aidlt,it,2
Aidlt,fr,1
Aidlt,es,N
Aimarekin,en,4
Aimarekin,es,N
Aimarekin,de,1
Aimarekin,eu,0
Aitor.SSM,fr,1
Aitor.SSM,es,N
Aitor.SSM,en,1
Aiurdin,es,N
Aiurdin,en,3
Aiurdin,eu,2
Ajadamataka,es,N
Ajadamataka,en,2
Akaidatenshi,es,N
Akaidatenshi,en,3
Akhram,en,4
Akhram,fr,3
Akhram,es,N
Akhram,ja,1
Akkan,es,N
Akkan,ca,3
Akkan,en,2
Akkan,fr,2
Alavense,en,4
Alavense,de,1
Alavense,eu,2
Albeiror24,it,3
Albeiror24,es,N
Albeiror24,km,1
Albeiror24,en,3
Albert Cardozo,es,N
Albert Cardozo,en,2
Albert Cardozo,pt,2
AlbertRA,en,2
AlbertRA,es,4
AlbertRA,ca,N
Alberto Rizzo,es,N
Alberto Rizzo,it,4
Alberto Rizzo,ca,N
Alberto Rizzo,en,3
Alberto8890,fr,2
Alberto8890,ca,N
Alberto8890,en,2
Alberto8890,es,N
AlbertoDV,en,2
AlbertoDV,es,N
AlbertoEditWiki,fr,3
AlbertoEditWiki,de,4
AlbertoEditWiki,en,4
AlbertoEditWiki,es,N
AlbertoEditWiki,hu,2
Aldo Dávalos,en,3
Aldo Dávalos,es,N
Aldo Gianfranco Kaleff,fr,1
Aldo Gianfranco Kaleff,en,3
Aldo Gianfranco Kaleff,es,N
Aldo Gianfranco Kaleff,eo,1
Aldo Gianfranco Kaleff,ru,2
Aldo Gianfranco Kaleff,ar,N
AleMaster23,en,2
AleMaster23,it,2
AleMaster23,es,N
Alejan98,en,1
Alejan98,es,N
Alejitao123,es,N
Alejitao123,lad,1
Alejitao123,pt,2
Alejitao123,en,2
Alejofon27,es,N
Alejofon27,en,4
Alejofon27,ja,2
Alejofon27,de,2
AlexTux2014,en,1
AlexTux2014,es,N
Alexav8,es,N
Alexav8,it,3
Alexav8,en,2
Alfair,es,N
Alfair,en,1
Alfredobi,fr,2
Alfredobi,es,N
Alfredobi,pt,2
Alfredobi,en,1
Alfredobi,hu,2
Alfredobi,it,3
Alfredosoro,es,N
Alfredosoro,ja,2
Alfredosoro,en,3
Algarabia,ca,2
Algarabia,it,1
Algarabia,en,2
Algarabia,es,5
Algarabia,fr,3
Alijunakai,es,N
Alijunakai,pt,4
Alijunakai,en,4
Alijunakai,fr,4
Alijunakai,it,4
Alijunakai,de,2
Aliman5040,gsw,2
Aliman5040,de,3
Aliman5040,en,3
Aliman5040,it,2
Aliman5040,fr,5
Aliman5040,es,N
Aliman5040,rm,1
Almju,es,N
Almju,en,3
Almju,ca,1
Alogsh,fr,2
Alogsh,es,N
Alogsh,en,3
Alonsy,es,N
Alonsy,en,2
Alonsy,fr,2
Alquivir,de,1
Alquivir,pt,2
Alquivir,fr,3
Alquivir,en,2
Alquivir,es,N
Alquivir,it,3
Alquivir,ca,N
Alridech,es,N
Alridech,eo,1
Alridech,en,3
Alridech,fr,2
Althair,fr,2
Althair,pt,2
Althair,ca,2
Althair,it,2
Althair,gl,2
Althair,es,N
Althair,la,3
Althair,en,3
Altzenck,en,1
Altzenck,es,N
Alvaro Marques Hijazo,en,2
Alvaro Marques Hijazo,es,N
Alvaro Vidal-Abarca,es,N
Alvaro Vidal-Abarca,ca,N
Alvaro Vidal-Abarca,en,3
Alvaro Vidal-Abarca,pt,3
Alvaro Vidal-Abarca,de,3
Alvarosinde,de,2
Alvarosinde,es,N
Alvarosinde,en,4
Alvarosinde,fr,4
Alvarote1998,en,3
Alvarote1998,es,N
Alvarote1998,ext,1
Alvarote1998,ca,1
Amasuela,ca,1
Amasuela,ast,2
Amasuela,en,2
Amasuela,it,2
Amasuela,es,4
Amitie 10g,ja,0
Amitie 10g,es,N
Amitie 10g,en,3
Amqmd,es,N
Amqmd,en,2
Amílcar,es,N
Amílcar,en,3
Anabela plos,en,3
Anabela plos,es,N
Andahuaylas,pt,1
Andahuaylas,en,2
Andahuaylas,de,1
Andahuaylas,es,N
Andre Pollock,el,3
Andre Pollock,la,2
Andre Pollock,en,4
Andre Pollock,fr,2
Andre Pollock,es,N
Andre Pollock,eu,N
Andre Pollock,eo,3
AndresXXV,xcw,2
AndresXXV,hch,1
AndresXXV,es,N
AndresXXV,pt,1
AndresXXV,en,3
AndresXXV,nah,2
Andrew21R,es,N
Andrew21R,en,4
Androsoma,es,N
Andycyca,en,4
Andycyca,es,N
Angarmonte,de,2
Angarmonte,en,3
Angarmonte,es,N
Angarmonte,fr,2
Aniado,en,2
Aniado,es,N
Aniado,de,2
Anidae,en,3
Anidae,ca,N
Anidae,pt,1
Anidae,es,N
Ankatu Agnøn,es,N
Ankatu Agnøn,en,3
Ankatu Agnøn,arn,1
Ankatu Agnøn,de,2
AnotherFrijol,es,N
AnotherFrijol,en,4
AnotherFrijol,pt,1
AnotherFrijol,it,0
AnotherFrijol,de,0
Ans18,es,N
Ans18,fr,0
Ans18,en,1
Anthony Verifica,eo,1
Anthony Verifica,es,N
Anthony Verifica,en,1
AntiaLou,gl,N
AntiaLou,es,N
AntoniusWiki,es,N
AntoniusWiki,de,2
AntoniusWiki,la,4
AntoniusWiki,it,5
AntoniusWiki,el,0
AntoniusWiki,ar,1
AntoniusWiki,en,4
Antoswe,es,N
Antoswe,sv,2
Antoswe,en,4
Anuchikibrikiivdamke,en,4
Anuchikibrikiivdamke,es,N
Anuchikibrikiivdamke,sr,0
Anuchikibrikiivdamke,pt,1
Anónimo10000,es,N
Anónimo10000,ca,3
Anónimo10000,fr,2
Anónimo10000,en,3
Aoteur5,es,N
Aoteur5,en,2
Apesiof,en,2
Apesiof,es,N
Apoloduvalis,en,3
Apoloduvalis,es,N
Aquaticaxolotl,es,N
Aquaticaxolotl,ru,1
Aquaticaxolotl,en,2
AquitaneHungerForce,pt,1
AquitaneHungerForce,ca,0
AquitaneHungerForce,es,1
AquitaneHungerForce,en,N
Aracali,en,4
Aracali,fr,1
Aracali,es,N
Aracali,de,2
AragonChristopherR17Z,en,N
AragonChristopherR17Z,es,3
Araluce Oscar,fr,2
Araluce Oscar,es,N
Araluce Oscar,de,1
Araluce Oscar,en,2
Arauzo,da,1
Arauzo,en,4
Arauzo,fr,1
Arauzo,es,N
Arcenb,en,2
Arcenb,es,N
Arcosy,en,3
Arcosy,es,3
Arcosy,lt,2
Arcturus055,es,N
Arcturus055,en,3
Arelarez,fr,2
Arelarez,en,4
Arelarez,es,N
Arielsolo,es,N
Arkangel414,en,2
Arkangel414,es,N
ArlixEA,en,2
ArlixEA,es,N
ArlixEA,it,1
Arturoramos,en,N
Arturoramos,es,N
Arturoramos,it,1
Arturoramos,ja,1
Arturoramos,fr,2
Ascánder,fr,2
Ascánder,en,2
Ascánder,es,N
Asierog,fr,2
Asierog,eu,N
Asierog,es,N
Asierog,en,4
Asimonv,pt,2
Asimonv,es,N
Asimonv,en,1
AstroJefferson,en,2
Asturcon10,fr,3
Asturcon10,lad,1
Asturcon10,de,2
Asturcon10,an,1
Asturcon10,gl,2
Asturcon10,en,5
Asturcon10,ca,1
Asturcon10,tr,1
Asturcon10,ast,N
Asturcon10,ja,1
Asturcon10,oc,1
Asturcon10,pt,3
Asturcon10,es,N
Atlanticart,ast,3
Atlanticart,es,N
Atlanticart,fr,2
Atlanticart,en,5
Atlas Deus,it,1
Atlas Deus,es,N
Atlas Deus,pt,3
Atlas Deus,fr,3
Atlas Deus,en,4
Atlas Deus,ro,2
Atomi20,en,2
Atomi20,eo,2
Atomi20,lad,2
Atomi20,fr,1
Atomi20,qu,1
Atomi20,es,N
Atomi20,zh,1
Augus EL CRACKK YT,en,2
Augus EL CRACKK YT,es,N
Ausweln,es,N
Ausweln,en,4
Avanto,es,N
Avanto,en,3
Avanto,he,1
Avanto,de,1
AveFenix1,es,N
AveFenix1,en,4
Avilaroman,es,N
Avm99963,en,3
Avm99963,es,N
Avm99963,ca,N
Axelloid1460,fr,1
Axelloid1460,es,N
Axelloid1460,en,4
Axelloid1460,it,1
Axii12,en,3
Axii12,fr,3
Axii12,es,N
Ayagaures 0,es,N
Ayagaures 0,en,2
Azahara00,ca,2
Azahara00,es,N
Azahara00,en,4
Azahara00,pl,1
Azahara00,an,2
Azaiphy,en,2
Azaiphy,la,1
Azaiphy,fr,N
Azaiphy,es,N
Azcarlos2,es,N
B.N.Sanchez.,ca,1
B.N.Sanchez.,en,1
B.N.Sanchez.,fr,1
B.N.Sanchez.,es,N
B25es,en,3
B25es,fr,1
B25es,ca,3
B25es,es,N
Bageense,pt,N
Bageense,de,2
Bageense,en,4
Bagratun,ro,1
Bagratun,fr,3
Bagratun,sl,1
Bagratun,sk,1
Bagratun,es,N
Bagratun,ca,N
Bagratun,bg,1
Bagratun,cs,1
Bagratun,be,1
Bagratun,mk,1
Bagratun,ast,1
Bagratun,it,2
Bagratun,ru,1
Bagratun,de,1
Bagratun,en,3
Bagratun,an,1
Bagratun,hr,1
Bagratun,sr,1
Bagratun,uk,1
Bagratun,pl,1
Bagratun,pt,2
Bagratun,gl,1
Bagratun,bs,1
Bagratun,sh,1
Baldic23,it,1
Baldic23,es,N
Baldic23,zh,1
Baldic23,en,2
Baldic23,de,1
Bankster,fr,2
Bankster,es,N
Bankster,it,1
Bankster,sh,1
Bankster,en,5
Bankster,pt,1
Bankster,ru,1
Barcex,es,N
Barcex,fr,1
Barcex,en,2
Barri,en,3
Bartito,it,2
Bartito,en,2
Bartito,es,N
Barú Sanchezpérez,es,5
Barú Sanchezpérez,en,3
Basilics,es,2
Basilics,fr,N
Basilics,eu,0
Basilics,an,1
Basilics,de,2
Basilics,ca,1
Basilics,en,3
Basquetteur,en,3
Basquetteur,fr,3
Basquetteur,it,2
Basquetteur,es,N
Batie07,es,5
Batie07,en,4
Batie07,ca,N
Batie07,it,3
Bea.miau,en,3
Bea.miau,es,N
Belandra,en,1
Belandra,es,N
Berlin89,it,1
Berlin89,el,1
Berlin89,arc,4
Berlin89,he,3
Berlin89,hi,1
Berlin89,yi,1
Berlin89,de,2
Berlin89,pt,3
Berlin89,es,N
Berlin89,ar,1
Berlin89,sa,1
Berlin89,en,3
Bermiego,en,2
Bermiego,es,N
Best1989,es,N
Best1989,en,3
Bethmoret,es,N
Bethmoret,en,2
Bibliofilotranstornado,en,2
Bibliofilotranstornado,es,N
Bibliofilotranstornado,ca,1
Bibliofilotranstornado,it,1
Bibliofilotranstornado,la,1
Bibliofilotranstornado,fr,1
Big1984,es,N
Big1984,en,4
BirdCities,en,5
BirdCities,fr,3
BirdCities,es,N
Bobherry,es,2
Bobherry,en,N
Brandonortizc,en,5
Brandonortizc,de,2
Brandonortizc,ru,1
Brandonortizc,es,N
Brayan Jaimes,en,3
Brayan Jaimes,fr,1
Brayan Jaimes,es,N
Brayan Jaimes,it,1
Britishmaster,en,3
Britishmaster,pt,1
Britishmaster,fr,1
Britishmaster,es,N
Britneyfan07,en,2
Britneyfan07,es,N
Brunexpaleta,la,1
Brunexpaleta,en,1
Brunexpaleta,es,N
Brunexpaleta,fr,3
BrunnoLl,en,3
BrunnoLl,ca,N
BrunnoLl,de,2
BrunnoLl,es,N
Bruno44101,en,1
Bruno44101,ar,0
Bruno44101,es,N
Bufalo 1973,ca,3
Bufalo 1973,en,3
Bufalo 1973,es,N
BugWarp,fr,1
BugWarp,en,3
BugWarp,ca,0
BugWarp,es,N
BugWarp,pt,1
Bugunya,ca,N
Bugunya,es,N
Bugunya,en,2
CCrespo T,fr,2
CCrespo T,en,3
CCrespo T,es,N
CPSeijas,es,N
CPSeijas,en,3
CPSeijas,it,1
CRAW309,es,N
CVeritas99,eo,1
CVeritas99,es,N
CVeritas99,de,1
CVeritas99,en,5
Cacen Gymraeg,es,N
Cacen Gymraeg,pt,1
Cacen Gymraeg,en,2
Cacen Gymraeg,ru,1
Cacen Gymraeg,cy,0
Calciopedia,en,2
Calciopedia,es,N
Calciopedia,it,N
Caleidoscopic,pt,1
Caleidoscopic,es,N
Caleidoscopic,en,2
Caleidoscopic,fr,3
CalendulaAsteraceae,fr,1
CalendulaAsteraceae,es,4
CalendulaAsteraceae,it,2
CalendulaAsteraceae,en,N
Calypso,ca,2
Calypso,ru,1
Calypso,fr,3
Calypso,de,N
Calypso,es,N
Calypso,en,4
Caminante XX,de,3
Caminante XX,es,N
Caminante XX,it,1
Caminante XX,en,4
Cansado,pt,3
Cansado,en,2
Cansado,es,N
Cansado,he,2
Cansado,fr,2
Carla Fana,en,3
Carla Fana,it,1
Carla Fana,fr,2
Carla Fana,es,N
Carlangatanga,es,N
Carlangatanga,en,4
Carlos asurmendi,en,2
Carlosmg.dg,en,2
Carlosmg.dg,es,N
Carlospina97,en,3
Carlospina97,es,N
Carlospina97,eo,1
Carlospina97,gl,N
Carpfer9214,fr,1
Carpfer9214,en,2
Carpfer9214,es,N
CarruajePlaza,es,N
CarruajePlaza,en,2
Castaliensis,es,N
Castaliensis,de,3
Castaliensis,fr,1
Castaliensis,el,2
Castaliensis,en,3
Castaliensis,it,4
Castaliensis,la,3
Castaliensis,he,1
Castaliensis,ca,4
Castaliensis,pt,4
Castellbo,ca,N
Castellbo,es,N
Castellbo,en,3
Cathy.92,en,4
Cathy.92,es,N
Ce Ele 415,de,1
Ce Ele 415,es,N
Ce Ele 415,ca,N
Ce Ele 415,en,3
Ceancata,eo,2
Ceancata,es,N
Celombio,es,N
Cercaburgo,fr,3
Cercaburgo,es,N
Cescac,en,4
Cescac,es,N
Ceyese,fr,2
Ceyese,es,N
Ceyese,en,3
Cgaleno,en,3
Cgaleno,pt,5
Cgaleno,es,N
Charlieck,en,5
Charlieck,es,5
Chepele21,es,N
Chequepasa,en,3
Chien,es,N
Chien,en,3
ChofisDan,es,N
ChofisDan,en,3
Christhoforos,en,5
Christian Cariño,es,N
Christian Cariño,en,3
Cidacuil,en,4
Cidacuil,es,N
Cidacuil,ast,4
Cifar-de-Añil,es,N
Cifar-de-Añil,en,3
Cinevoro,en,2
Cinevoro,fr,1
Cinevoro,es,N
CiroW,es,N
CiroW,en,2
CiroW,eo,1
Civa61,en,2
Civa61,it,N
Civa61,es,2
Civa61,la,1
ClaL71,en,1
ClaL71,pt,N
ClaL71,fr,0
ClaL71,it,0
ClaL71,es,1
Claraagua,en,3
Claraagua,pt,3
Claraagua,fr,1
Claraagua,es,N
ClauBr,fr,0
ClauBr,it,0
ClauBr,pt,N
ClauBr,es,1
ClauBr,en,1
ClaudiaTroncosoU,es,N
ClaudiaTroncosoU,en,3
Claudieg,en,2
Claudieg,es,N
Clementeste,it,3
Clementeste,es,N
Clementeste,la,2
Clementeste,pt,1
Clementeste,fr,1
Clementeste,en,3
Clementeste,ca,1
Cmat2001,es,N
Cmat2001,pt,4
Cmat2001,en,3
CompitaxDDD,es,N
Componedor,es,N
ComradeJP,es,N
ComradeJP,en,4
Congopro,sw,3
Congopro,en,2
Congopro,es,2
Congopro,fr,N
Contaminadas,pt,N
Contaminadas,en,4
Contaminadas,es,N
Copiadeseguridad,fr,2
Copiadeseguridad,en,2
Copiadeseguridad,es,N
Copydays,fr,2
Copydays,en,2
Copydays,es,N
Cordereg,fr,3
Cordereg,it,1
Cordereg,es,N
Cordereg,pt,2
Cordereg,an,4
Cordereg,en,4
CoroneldelNorte,es,N
CoroneldelNorte,fr,1
CoroneldelNorte,en,3
Correogsk,fr,3
Correogsk,es,N
Correogsk,it,1
Correogsk,eo,1
Correogsk,ia,1
Correogsk,lad,1
Correogsk,la,1
Correogsk,en,5
Correogsk,ro,1
Correogsk,nl,1
Correogsk,pt,1
Correogsk,ca,1
Correogsk,ie,1
Correogsk,de,2
Corso,es,N
Corso,en,2
Crespovski,en,3
Crespovski,es,N
Crikrock,es,N
Crisagu25,es,N
Crisagu25,en,3
CupWithSoda19,fr,1
CupWithSoda19,en,N
CupWithSoda19,pt,1
CupWithSoda19,es,3
Cyber Raider,es,N
Cyber Raider,en,3
Cyber Raider,ja,1
Czeva,en,3
Czeva,de,2
Czeva,ru,1
Czeva,es,2
Czeva,cs,N
Czeva,sk,2
DAVID MAS V.,pt,5
DAVID MAS V.,gn,5
DAVID MAS V.,es,5
DAVID MAS V.,en,5
DEGA MD,pt,1
DEGA MD,es,N
DEGA MD,en,3
DF476,ca,N
DF476,es,N
DF476,en,3
DIEGO73,ru,1
DIEGO73,en,N
DIEGO73,fr,1
DIEGO73,es,N
DIEGO73,pt,1
DIEGO73,el,2
DIEGO73,de,1
DIEGOMESSI10,es,N
DVB31,es,N
DVB31,fr,1
DVB31,en,1
DVelasquez,pt,1
DVelasquez,es,N
DVelasquez,en,5
Daarbos86,de,1
Daarbos86,en,3
Daarbos86,es,N
Dagmith,es,N
Dagmith,it,2
Dagmith,en,3
Dagmith,eo,1
Dakipedi,en,N
Dakipedi,es,N
Damiantorko,eu,0
Damiantorko,rm,1
Damiantorko,la,1
Damiantorko,pms,1
Damiantorko,sh,1
Damiantorko,qu,2
Damiantorko,ro,1
Damiantorko,sc,1
Damiantorko,sl,1
Damiantorko,el,0
Damiantorko,mwl,1
Damiantorko,zh,0
Damiantorko,ga,1
Damiantorko,rue,0
Damiantorko,ia,0
Damiantorko,sv,1
Damiantorko,nap,0
Damiantorko,pap,1
Damiantorko,pnt,0
Damiantorko,eo,0
Damiantorko,hu,1
Damiantorko,oc,1
Damiantorko,en,4
Damiantorko,fr,1
Damiantorko,scn,1
Damiantorko,sk,1
Damiantorko,pcd,0
Damiantorko,es,N
Damiantorko,simple,3
Damiantorko,vec,1
Damiantorko,sco,1
Damiantorko,nrm,1
Damiantorko,arn,1
Damiantorko,he,0
Damiantorko,mn,0
Damiantorko,no,0
Damiantorko,pt,4
Damiantorko,ru,1
Damiantorko,kk,0
Damiantorko,se,0
Damiantorko,gn,2
Damiantorko,pl,0
Damiantorko,ca,0
Damiantorko,it,3
Damiantorko,tl,1
Damiantorko,qwh,1
Damiantorko,de,1
Damiantorko,ht,1
Damiantorko,sr,1
Damiantorko,uk,1
DamyLechu,es,N
DamyLechu,en,2
Dani7,ca,N
Dani7,en,3
Dani7,es,N
Daniel VILLAFRUELA,fr,N
Daniel VILLAFRUELA,en,1
Daniel VILLAFRUELA,es,2
Daniel3436,en,2
Daniel3436,es,N
DanielAlba15,en,3
DanielAlba15,ru,1
DanielAlba15,es,N
DanielAlba15,it,1
Danielph147,en,5
Danielph147,de,1
Danielph147,fr,4
Danielph147,ca,5
Danielph147,es,N
Danke7,es,N
Danke7,pt,4
Danke7,en,3
DannyHerrera98,en,4
DannyHerrera98,it,1
DannyHerrera98,pt,1
DannyHerrera98,es,N
Dannybalanta,es,N
Darkhorsem,es,N
DarksideKnight,en,2
DarksideKnight,es,5
DaveFX,es,N
DaveFX,it,1
DaveFX,en,3
David Ll L,en,3
David Ll L,fr,1
David Ll L,ast,4
David Ll L,es,N
David gonzalez garcia,de,1
David gonzalez garcia,fr,2
David gonzalez garcia,en,4
David gonzalez garcia,pt,1
David gonzalez garcia,es,N
David.7z,de,1
David.7z,es,N
David.7z,en,3
David.cerezo,es,N
David.cerezo,pl,1
David.cerezo,ru,2
David.cerezo,en,4
David8a,ca,0
David8a,gl,0
David8a,pt,0
David8a,fr,1
David8a,en,2
David8a,es,N
David8a,qug,0
Davidhs0,en,2
Davidhs0,es,N
Davius,es,N
Davius,la,3
Davius,en,3
Dax Natx,en,3
Dax Natx,es,N
Dcapillae,en,2
Dcapillae,es,N
Dcnav,es,N
Dcnav,de,1
Dcnav,en,4
Dcnav,eo,2
Dcnav,fr,4
Dcnav,it,4
De un millón,he,0
De un millón,ar,0
De un millón,el,0
De un millón,es,N
De un millón,it,1
De un millón,la,1
De un millón,en,2
De un millón,fr,2
Dear Melody,es,N
Dear Melody,en,5
Deivid,fr,1
Deivid,it,1
Deivid,an,1
Deivid,es,N
Deivid,en,2
Dennis6492,pt-BR,1
Dennis6492,es,N
Dennis6492,it,1
Dennis6492,en,4
DeosamoX,es,N
DeosamoX,en,3
Deperez22,it,3
Deperez22,es,N
Deperez22,en,1
Deperez22,ca,N
Derek Ibraham,eo,1
Derek Ibraham,ru,1
Derek Ibraham,pt,2
Derek Ibraham,es,N
Derek Ibraham,en,3
Desde el planeta de los simios,es,N
Desde el planeta de los simios,de,3
Desde el planeta de los simios,en,4
Desde el planeta de los simios,ca,4
Desiderantes,es,N
Desiderantes,pt,1
Desiderantes,en,5
Dgaribaldi,es,N
Dgaribaldi,en,3
Dhneil,it,3
Dhneil,pt,3
Dhneil,fr,4
Dhneil,ca,N
Dhneil,es,5
Dhneil,en,5
Dhneil,he,4
Diamond315,fr,0
Diamond315,pt,3
Diamond315,zh,0
Diamond315,la,0
Diamond315,it,1
Diamond315,en,1
Diamond315,es,N
Diamond315,gn,1
Diamond315,ru,1
Diamond315,tob,0
Diamond315,ar,0
Diamond315,ja,1
Diegodiaz380,fr,1
Diegodiaz380,es,N
Diegodiaz380,en,3
Diegodiez03,en,4
Diegodiez03,es,N
Diegodiez03,fr,2
Diegoromch,en,3
Diegoromch,es,N
Diegoromch,pt,2
Diegoromch,ru,1
Diegoromch,fr,1
DieuxdlaMort,en,3
DieuxdlaMort,ja,1
DieuxdlaMort,fr,3
DieuxdlaMort,es,N
DieuxdlaMort,it,1
Diotime,oc,1
Diotime,en,4
Diotime,nl,2
Diotime,fr,3
Diotime,ca,3
Diotime,it,3
Diotime,de,4
Diotime,es,N
Diotime,pt,2
Dipiert,es,N
Dipiert,en,2
Dmitri Lytov,cs,1
Dmitri Lytov,sk,1
Dmitri Lytov,it,1
Dmitri Lytov,uk,4
Dmitri Lytov,da,1
Dmitri Lytov,bg,1
Dmitri Lytov,es,2
Dmitri Lytov,pl,1
Dmitri Lytov,mk,1
Dmitri Lytov,fr,2
Dmitri Lytov,nl,2
Dmitri Lytov,fa,1
Dmitri Lytov,de,3
Dmitri Lytov,en,3
Dmitri Lytov,hr,1
Dmitri Lytov,sr,1
Dmitri Lytov,be,2
Dmitri Lytov,eo,2
Dmitri Lytov,sl,1
Dmitri Lytov,no,1
Dmitri Lytov,ru,N
Dmitri Lytov,sv,1
Dmitri Lytov,ca,1
Dodecaedro,fr,3
Dodecaedro,es,N
DonBlaSeP,es,N
Dorieo,fr,1
Dorieo,ca,1
Dorieo,en,0
Dorieo,es,N
Dovidena,es,N
Dovidena,en,2
Dovidena,eu,1
Dpalma01,pt,3
Dpalma01,es,N
Dpalma01,it,3
Dpalma01,en,N
Dpalma01,fr,3
Dpcossio,gl,2
Dpcossio,tl,1
Dpcossio,zh,0
Dpcossio,it,4
Dpcossio,ca,2
Dpcossio,th,0
Dpcossio,en,5
Dpcossio,de,1
Dpcossio,ceb,1
Dpcossio,pt,2
Dpcossio,fr,5
Dpcossio,es,N
Dr Doofenshmirtz,en,2
Dr Doofenshmirtz,es,N
DrewBiebs,es,N
DrewBiebs,en,2
Dubstar,fr,1
Dubstar,et,1
Dubstar,es,N
Dubstar,en,2
Dweigel,ca,1
Dweigel,es,N
Dweigel,fr,1
Dweigel,en,3
Dweigel,it,2
Dweigel,pt,2
Dylan J A S,es,N
Dylan J A S,en,5
Dzenev,es,N
Dzenev,zu,0
Dzenev,en,3
E.gomez,es,N
E21140J,es,N
E21140J,en,1
EEIM,es,N
EEIM,zh,1
EEIM,en,3
ELMER1071,es,N
Eastmain,fr,3
Eastmain,en,N
Eastmain,es,1
Ebergerz,pt,1
Ebergerz,es,N
Ebergerz,en,3
Ebergerz,fr,1
Eblf2017,ja,2
Eblf2017,en,4
Eblf2017,es,N
Eblf2017,fr,2
Eblf2017,ms,0
Ecologo,pt,1
Ecologo,en,1
Ecologo,es,N
Edchacon,en,2
Edchacon,es,N
Ederbeni2008,es,N
Ederbeni2008,eu,4
Ederbeni2008,en,3
Ederbeni2008,fr,2
Edescas,es,N
Edescas,zh,1
Edescas,en,2
Edjoerv,pt,2
Edjoerv,en,N
Edjoerv,it,2
Edjoerv,es,N
Edson González,en,1
Edson González,es,N
EduardoGG,en,1
EduardoGG,fr,1
EduardoGG,es,N
EduardoOviedo,es,N
Edusab5,ca,N
Edusab5,fr,1
Edusab5,en,2
Edusab5,es,N
Eduzam,fr,4
Eduzam,es,N
Eduzam,en,3
Edyinde,es,N
Efe.uno,es,N
Efe.uno,en,3
Efepe,en,2
Efepe,fr,1
Efepe,es,N
Eightest,es,N
Eightest,pt,1
Eightest,en,4
El Moska,es,N
El Moska,en,2
El Rolo Ueeqee,ru,0
El Rolo Ueeqee,en,1
El Rolo Ueeqee,ja,0
El Rolo Ueeqee,es,N
El Rolo Ueeqee,pt,0
El Rolo Ueeqee,zh,0
El jacobino,en,3
El jacobino,it,2
El jacobino,es,N
El jacobino,pt,3
ElSaurioManuel,ca,1
ElSaurioManuel,fr,2
ElSaurioManuel,de,1
ElSaurioManuel,en,4
ElSaurioManuel,it,1
ElSaurioManuel,es,N
ElSaurioManuel,pt,1
ElWazxpro sape421,es,N
ElWazxpro sape421,et,0
ElWazxpro sape421,fr,2
ElWazxpro sape421,en,4
ElWazxpro sape421,it,3
ElWazxpro sape421,de,1
ElYolero6,en,3
ElYolero6,es,N
Electro07,en,3
Electro07,ca,N
Electro07,es,N
Eleditordeclase,fr,1
Eleditordeclase,en,2
Eleditordeclase,es,N
Elelch,en,2
Elelch,es,N
Elena Teruel,es,N
Elena Teruel,ca,4
Elena Teruel,en,2
Elenaib,es,N
Elenaib,fr,2
Elkan76,es,N
Elkan76,en,3
Elopio,en,2
Elopio,es,N
Elsenyor,en,3
Elsenyor,fr,4
Elsenyor,ca,N
Elsenyor,es,N
Elsenyor,pt,1
Elsenyor,gl,2
Elsenyor,ko,1
Elsenyor,it,2
Eltetelar12,pt,1
Eltetelar12,es,N
Eltetelar12,gn,1
Eltetelar12,en,2
Eltomas2003,en,N
Eltomas2003,es,4
Eltomas2003,zh,N
Elultimolicantropo,en,2
Elultimolicantropo,es,N
Emontalvo,fr,1
Emontalvo,en,4
Emontalvo,ca,1
Emontalvo,es,N
En lo principal,es,N
En lo principal,en,3
Enmanuel,en,N
Enmanuel,ru,1
Enmanuel,it,N
Enmanuel,fr,N
Enmanuel,es,N
Enmanuel1002,es,N
Enmanuel1002,ja,1
Enmanuel1002,ca,2
Enmanuel1002,en,2
EnriqueSN,en,2
EnriqueSN,es,N
EpiKzo,en,2
EpiKzo,es,N
Erco,ca,1
Erco,an,3
Erco,es,N
Erco,fr,2
ErickR2,es,N
ErickR2,en,4
ErickR2,pt,1
Erickespinal26,fr,3
Erickespinal26,de,2
Erickespinal26,es,N
Erickespinal26,en,3
Erickespinal26,ru,3
Erik Mora,es,N
Erik Mora,en,3
Erikire,de,2
Erikire,en,3
Erikire,es,N
Ernalve,es,N
Ernalve,en,3
Erudito234,fr,2
Erudito234,es,N
Erudito234,en,3
Escalafandra,en,4
Escalafandra,es,N
España de Cerca,la,1
España de Cerca,eo,2
España de Cerca,es,N
España de Cerca,en,5
España de Cerca,fr,2
Esquwiki,en,1
Esquwiki,es,N
Esquwiki,gl,N
Esquwiki,pt,1
Et443367,fr,N
Et443367,en,4
Et443367,zh,1
Et443367,pt,2
Et443367,es,3
Eva wheel,en,3
Eva wheel,es,N
Evasivo,en,2
Evasivo,es,N
Evrik,en,N
Evrik,de,1
Evrik,es,1
Exiliom,en,3
Exiliom,es,N
Eyanquenb,es,N
Eyanquenb,en,3
FAMMID,es,N
FAMMID,en,3
FAMMID,de,3
FAR,en,3
FAR,es,N
FAR,de,1
FAR,fr,1
FGSEL,it,3
FGSEL,es,N
FGSEL,pt,1
FGSEL,la,1
FGSEL,fr,2
FGSEL,en,3
FIrefly1967,es,N
FIrefly1967,en,3
Fabro,es,N
Fabro,en,2
Fabro,fr,3
Fabro,pt,1
Fakia,en,3
Fakia,es,N
FandeAnaFrank2,en,2
FandeAnaFrank2,ca,2
FandeAnaFrank2,es,N
Fbchi,es,N
Fbchi,it,0
Fbchi,en,1
Fbchi,ko,0
Fbchi,ca,1
Fbchi,ja,0
Fcarmona87,es,N
Fcarmona87,fr,4
Fcarmona87,en,4
Fdelrio89~eswiki,es,N
Fdelrio89~eswiki,en,2
Ferluq,it,3
Ferluq,ja,1
Ferluq,de,1
Ferluq,fr,2
Ferluq,en,4
Ferluq,pt,1
Ferluq,grc,1
Ferluq,la,1
Ferluq,es,N
Fermuch,eo,2
Fermuch,pt,1
Fermuch,qya,1
Fermuch,es,N
Fermuch,en,3
Fermuch,sjn,1
Fernando2812l,en,2
Fernando2812l,pt,3
Fernando2812l,es,N
Fernando3008,af,4
Fernando3008,es,N
Fernando3008,fr,2
Fernando3008,en,3
Fernandocba08,en,2
Fernandocba08,pt,2
Fernandocba08,es,N
FherBolshevik,es,N
Figuerai,de,3
Figuerai,en,4
Figuerai,pt,2
Figuerai,es,N
FioDeste,es,N
FioDeste,en,4
Flannán,es,2
Flavinista,en,4
Flavinista,es,N
Flexingflex1224,es,N
Flexingflex1224,en,3
Flipwared,en,3
Flipwared,es,N
Flipwared,pt,3
Flipwared,zh,1
Florenciac,en,3
Florenciac,es,N
Floznerol,en,3
Floznerol,es,N
FlyingAce,en,5
FlyingAce,de,1
FlyingAce,it,1
FlyingAce,es,N
Fmecno,pt,2
Fmecno,en,3
Fmecno,it,1
Fmecno,es,N
Fombelle,es,4
Fombelle,ca,1
Fombelle,en,3
Fombelle,it,1
Fombelle,fr,N
Fortunata1986,de,3
Fortunata1986,es,N
Fortunata1986,en,3
Fortunata1986,fr,1
Fortunata1986,ca,5
Fortunatto Scapaticio,es,N
Fortunatto Scapaticio,en,4
Fr2002,es,N
Fr2002,fr,5
Fr2002,en,3
Fralonsot,es,N
Fralonsot,en,2
Fralonsot,gl,N
Fran Ara,en,3
Fran Ara,es,N
FranSisPac,ca,N
FranSisPac,en,2
FranSisPac,es,N
FranSisPac,fr,2
FranSisPac,it,1
France01100,es,N
France01100,fr,N
France01100,en,4
Franciscojhh,en,3
Franciscojhh,zh,1
Franciscojhh,es,N
Franciscojhh,fr,2
Franciscojhh,de,1
Francisconelis,es,N
Francisconelis,en,3
Franco el estudiante,it,1
Franco el estudiante,es,N
Franco el estudiante,en,4
Franco el estudiante,pt,2
FrankDay25,it,1
FrankDay25,en,3
FrankDay25,es,N
Franky96,en,5
Franky96,es,N
Franky96,ca,N
Franky96,it,2
Franky96,fr,2
Franky96,de,5
Franky96,zh,2
Fransotoc,de,1
Fransotoc,en,2
Fransotoc,es,N
FrantoNio,en,2
FrantoNio,fr,N
FrantoNio,es,2
Franzrogar,fr,2
Franzrogar,es,N
Franzrogar,en,3
Fraychero,fr,1
Fraychero,pt,4
Fraychero,grc,1
Fraychero,en,2
Fraychero,mg,1
Fraychero,es,N
Fraychero,it,3
Fraychero,la,2
Freddy eduardo,en,4
Freddy eduardo,fr,2
Freddy eduardo,es,N
Freecore,es,N
Freecore,pt,1
Freecore,en,3
Froin,ca,1
Froin,es,N
Froin,en,2
Froin,it,4
Frosadoa,en,1
Frosadoa,es,N
Ftrbnd,de,1
Ftrbnd,en,3
Ftrbnd,es,N
Fuchsia the Sun,en,5
Fuchsia the Sun,it,3
Fuchsia the Sun,es,4
Furado,gl,N
Furado,es,N
Furawi,pt,1
Furawi,en,4
Furawi,fr,1
Furawi,es,N
GJFBR,pt,1
GJFBR,en,2
GJFBR,es,N
GS Wiki 06,fi,0
GS Wiki 06,ru,1
GS Wiki 06,en,4
GS Wiki 06,it,1
GS Wiki 06,ko,0
GS Wiki 06,ar,0
GS Wiki 06,es,N
GS Wiki 06,pt,2
GS Wiki 06,zh,0
GS Wiki 06,sv,0
GS Wiki 06,de,1
GS Wiki 06,ja,0
GaboLoretto,es,N
GaboLoretto,en,3
GaboLoretto,pt,1
GaboLoretto,la,1
GaboPV,en,2
GaboPV,de,1
GaboPV,fr,1
GaboPV,it,1
GaboPV,pt,1
GaboPV,es,N
Gabriel Vidal Álvarez,es,N
Gabriel Vidal Álvarez,ca,N
Gabriel Vidal Álvarez,en,3
Gabriel Vidal Álvarez,fr,3
Gaescribe,es,N
Gaescribe,gl,N
Galandil,gl,N
Galandil,es,N
Galdós,es,N
Galdós,en,3
Galdós,eu,N
Galdós,fr,1
Galimatiasgg,es,N
Galimatiasgg,en,4
Galopax,en,2
Galopax,he,0
Galopax,fr,2
Galopax,es,N
Gaming87,en,1
Gaming87,es,N
Garabatillo,la,1
Garabatillo,es,N
Garabatillo,en,4
Garabatillo,it,2
Garcia1865,en,N
Garcia1865,es,3
Gato Preto,en,2
Gato Preto,gl,N
Gato Preto,es,N
Gato Preto,fr,1
Gato Preto,fax,3
Gato Preto,pt,N
Gauri,sa,1
Gauri,grc,1
Gauri,es,N
Gauri,la,1
Gauri,it,2
Gauri,en,4
Geekwzrd,fr,1
Geekwzrd,en,5
Geekwzrd,es,N
Geom,ca,1
Geom,es,N
Geom,en,1
Gerardo Noriega,pt,2
Gerardo Noriega,fr,2
Gerardo Noriega,es,N
Gerardo Noriega,en,4
Gerardo Noriega,it,2
GerardoAUrbina,ja,3
GerardoAUrbina,es,N
GerardoAUrbina,fr,1
GerardoAUrbina,en,3
GerardoAUrbina,ru,1
German86ar,ia,2
German86ar,fr,1
German86ar,io,1
German86ar,jbo,1
German86ar,en,3
German86ar,it,2
German86ar,pt,1
German86ar,ja,2
German86ar,eo,2
German86ar,es,N
German86ar,de,1
GermanX,en,2
GermanX,es,N
Ghaele,es,N
Ghaele,la,1
Ghaele,en,2
Ghost fire 2.0,es,N
Ghost fire 2.0,eo,2
Ghost fire 2.0,en,4
Ghost fire 2.0,it,5
GiankShy16,en,1
GiankShy16,fr,2
GiankShy16,es,N
Gilc,en,2
Gizmo II,es,N
Gizmo II,en,3
Gizmo II,fr,2
Glumyglu,es,N
Glumyglu,en,3
Glumyglu,ca,3
GoboFR,es,N
GoboFR,en,4
GoboFR,fr,3
GoldenDiamond,en,2
Gonn,es,N
Gonn,en,3
Gonn,fr,1
Gorria2005,en,4
Gorria2005,es,N
Gorria2005,eu,N
Gorria2005,fr,2
Gpcantu,es,N
Gpcantu,en,N
Gpcantu,pt,3
GreatGreenDragon,es,N
GreatGreenDragon,ast,2
GreatGreenDragon,en,N
GreatGreenDragon,de,2
GreatGreenDragon,fr,1
Green Mostaza,es,N
Green Mostaza,en,5
Greenny,fr,4
Greenny,en,5
Greenny,de,2
Greenny,es,N
Gretana,es,N
Gretana,en,2
Greti85,ja,1
Greti85,fr,2
Greti85,ca,1
Greti85,pt,2
Greti85,ia,2
Greti85,es,N
Greti85,zh,1
Greti85,ast,1
Greti85,de,1
Greti85,eo,1
Greti85,en,3
Greuze,de,2
Greuze,en,3
Greuze,es,N
Guanxito,en,3
Guanxito,pt,2
Guanxito,es,N
Guanxito,fr,3
Guanxito,de,N
Guillermulis,es,N
Guillermulis,de,1
Guillermulis,en,5
Guimencen,en,4
Guimencen,es,N
Guimencen,en-GB,4
GusC7,de,1
GusC7,es,N
GusC7,en,4
Gusama Romero,es,N
Gusama Romero,ja,1
Gusama Romero,en,2
Gustaov95,es,N
Gustavo Belemmi,zh,1
Gustavo Belemmi,es,N
Gustavo Belemmi,it,1
Gustavo Belemmi,en,3
Gustavo Rubén,pt,3
Gustavo Rubén,it,2
Gustavo Rubén,en,2
Gustavo Rubén,es,N
Gustavo Rubén,fr,2
Gwolf,he,2
Gwolf,es,N
Gwolf,yi,2
Gwolf,en,3
Góngora,ast,2
Góngora,ca,4
Góngora,no,2
Góngora,en,4
Góngora,es,N
Haa990,es,N
Haa990,fr,3
Haa990,de,2
Haa990,en,5
Haa990,it,3
Haizerrota,eu,2
Haizerrota,es,N
Haizerrota,en,4
Haku,ca,4
Haku,en,2
Haku,fr,1
Haku,it,1
Haku,es,N
Hameryko,en,3
Hameryko,es,N
Hampcky,fr,1
Hampcky,es,N
Hampcky,eu,0
Hampcky,en,3
Hanjin,en,3
Hanjin,es,N
Hanjin,fr,2
Hankyused,en,N
Hankyused,es,N
Hard,es,N
Haroldomil,en,3
Haroldomil,es,N
Hastengeims,pt,1
Hastengeims,es,N
Hastengeims,en,2
Hegsareta,es,N
Hegsareta,ja,1
Hegsareta,eo,1
Hegsareta,en,4
Heimo66,zh,1
Heimo66,es,N
Heimo66,de,2
Heimo66,en,3
Hergallego,en,3
Hergallego,es,N
Hernaldo,es,N
HernandezKurisu,ja,3
HernandezKurisu,es,5
HernandezKurisu,en,5
Hhmontanac,es,N
Hhmontanac,en,3
Hhmontanac,fr,2
Hhmontanac,de,1
HipHopMexico,es,N
Hiperfelix,es,N
Hiperfelix,en,2
Hispalois,de,2
Hispalois,es,N
Hispalois,fr,4
Hispalois,en,4
Hispañol390,es,N
Hispañol390,de,N
Hispañol390,it,N
Hispyway,eu,N
Hispyway,es,N
Hispyway,en,4
Hitman4869,es,N
Hitman4869,en,3
Hmagnus,es,N
Hmagnus,en,4
Hokand,no,1
Hokand,fi,1
Hokand,es,N
Hokand,pt,2
Hokand,en,N
HombreDHojalata,es,N
Homo uruguayensis,en,4
Homo uruguayensis,pt,4
Horchatamivida,ca,3
Horchatamivida,de,N
Horchatamivida,fr,1
Horchatamivida,eu,0
Horchatamivida,it,2
Horchatamivida,en,3
Horchatamivida,es,4
HugoHelp,en,N
HugoHelp,io,0
HugoHelp,tlh,0
HugoHelp,sux,0
HugoHelp,la,0
HugoHelp,it,0
HugoHelp,es,2
Huhsunqu,qu,2
Huhsunqu,pt,2
Huhsunqu,es,N
Huhsunqu,en,3
Huhsunqu,eo,1
Humberto del Torrejón,la,0
Humberto del Torrejón,es,N
Humberto del Torrejón,en,4
Humberto del Torrejón,it,1
Humberto del Torrejón,pt,2
Humberto del Torrejón,de,2
Humblebell,es,N
Humblebell,en,3
Humblebell,ca,N
HuronDeFuego,ja,2
HuronDeFuego,en,4
HuronDeFuego,pt,3
HuronDeFuego,es,N
HuronDeFuego,eo,2
Hyfryd,es,N
Hyfryd,en,4
Hübfrosch,de,2
Hübfrosch,fr,3
Hübfrosch,en,4
Hübfrosch,es,N
IXCat,es,N
IXCat,en,4
IXCat,pt,2
IXCat,fr,1
IXCat,gl,N
IacobusL,es,N
Idnilu,es,N
Idnilu,ca,1
Idnilu,en,4
Idnilu,it,1
Igallards7,fr,1
Igallards7,es,N
Igallards7,cs,1
Igallards7,en,3
Igallards7,pt,2
Igallards7,it,1
Igallards7,de,4
Ignacio Egea,fr,1
Ignacio Egea,bg,0
Ignacio Egea,arc,0
Ignacio Egea,qya,1
Ignacio Egea,en,3
Ignacio Egea,grc,1
Ignacio Egea,es,N
Ignacio Egea,ar,0
Ignacio Egea,la,1
Ignacio Villacampa,es,N
Ignacio2403,es,N
Ignacio2403,it,2
Ignacio2403,en,3
Ignacio2403,pt,4
Ingwergestrichen,en,3
Ingwergestrichen,es,4
Ingwergestrichen,de,3
InmaGwiki,fr,2
InmaGwiki,eu,N
InmaGwiki,en,2
InmaGwiki,es,N
Inri,es,N
Irathient,en,3
Irathient,es,N
Irene Bebop,en,4
Irene Bebop,ca,N
Irene Bebop,de,1
Irene Bebop,es,N
Irialis,ca,N
Irialis,es,N
Irialis,en,4
Irialis,el,2
Irialis,fr,4
Irundatarra,en,3
Irundatarra,es,N
Irundatarra,fr,N
Irundatarra,pt,1
Irundatarra,ca,2
Isaacangelcomneno,hi,0
Isaacangelcomneno,rom,0
Isaacangelcomneno,en,N
Isaacangelcomneno,he,1
Isaacangelcomneno,ja,0
Isaacangelcomneno,la,1
Isaacangelcomneno,it,N
Isaacangelcomneno,ca,3
Isaacangelcomneno,es,N
Isaacangelcomneno,nah,1
Isaacangelcomneno,de,2
Isaacangelcomneno,sv,1
Isaacangelcomneno,tlh,0
Isaacangelcomneno,tk,0
Isaacangelcomneno,el,1
Isaacangelcomneno,zh,0
Isaacangelcomneno,ar,1
Isaacangelcomneno,pt,3
Isaacangelcomneno,fr,N
Isacdaavid,fr,2
Isacdaavid,es,N
Isacdaavid,en,3
Ivan051203,es,N
Ivan051203,de,1
Ivan051203,en,3
Ivanbetanco43,es,N
Ivanbetanco43,gl,1
Ivanbetanco43,pt,5
Ivanbetanco43,en,2
Ivanhercaz,en,2
Ivanhercaz,fr,1
Ivanhercaz,pt,1
Ivanhercaz,es,N
Ivn,en,1
Ivn,fr,1
Ivn,es,N
JFremd,fr,1
JFremd,en,2
JFremd,de,1
JFremd,es,N
JGG13,es,N
JGG13,en,5
JGG13,fr,5
JGRG,en,3
JGRG,it,3
JGRG,fr,1
JGRG,es,N
JJDCT,es,N
JJHAGG4R,ja,1
JJHAGG4R,es,N
JJHAGG4R,en,2
JLVwiki,es,N
JLVwiki,it,2
JLVwiki,fr,1
JLVwiki,en,1
JMY1000,es,2
JMY1000,en,N
JMedina,en,2
JMedina,es,N
JMedina,ca,N
JMedina,ru,3
Jaam0121,es,N
Jaam0121,en,3
Jachguate,es,3
Jachguate,en,1
Jacman,es,N
Jacman,en,1
JaimeDes,fr,2
JaimeDes,en,3
JaimeDes,es,N
Jamechevi,es,N
Jamechevi,en,4
Jamechevi,ro,1
Jamechevi,de,1
Jamechevi,it,1
Jamechevi,fr,2
Jamechevi,ca,N
JamesNarmer,it,1
JamesNarmer,pt,1
JamesNarmer,fr,2
JamesNarmer,en,3
JamesNarmer,es,N
Jand.cc,fr,2
Jand.cc,eu,1
Jand.cc,en,3
Jand.cc,es,N
Jandropy,ja,2
Jandropy,ca,N
Jandropy,de,2
Jandropy,es,N
Jandropy,en,5
Jangel figueroa,es,N
Janime12345,es,N
Janime12345,en,1
JaviDex,es,N
JaviDex,en,5
JaviDex,fr,3
JaviMad,en,2
JaviMad,es,N
Javier martinlo,de,2
Javier martinlo,es,N
Javier martinlo,en,3
Javier martinlo,fr,2
JavierCantero,en,2
JavierCantero,es,N
JavierMunozF,ca,1
JavierMunozF,en,2
JavierMunozF,es,N
JavierSalazarGomez,pt,3
JavierSalazarGomez,es,N
JavierSalazarGomez,en,3
Javiermes,en,3
Javiermes,es,N
Javitork,es,N
Javitork,en,2
Javu61,es,N
Javu61,it,1
Javu61,en,2
Javu61,fr,2
Jazzita,es,N
Jazzita,en,4
Jcbermu,en,3
Jcbermu,es,N
Jeale,en,1
Jeale,es,N
Jean Segura C,pt,2
Jean Segura C,it,2
Jean Segura C,en,4
Jean Segura C,fr,1
Jean Segura C,es,N
Jefferestiw,hu,0
Jefferestiw,fr,0
Jefferestiw,en,1
Jefferestiw,es,N
Jefferestiw,pt,0
Jefferestiw,nah,0
JeronimoteP,es,N
JeronimoteP,fr,2
JeronimoteP,en,3
Jespa,en,3
Jespa,es,N
Jesperalo,es,N
Jesperalo,gl,1
Jesperalo,en,2
JfoM15,ko,1
JfoM15,es,N
JfoM15,ru,1
JfoM15,en,2
Jhalvico,es,N
Jhalvico,en,3
Jhalvico,fi,2
Jialxv,fr,3
Jialxv,en,3
Jialxv,ca,2
Jialxv,es,N
Jkbw,de,N
Jkbw,fr,1
Jkbw,en,2
Jkbw,la,1
Jkbw,es,1
Jluismendoza,es,N
Jluismendoza,en,2
Jmagno1998,es,N
Jmagno1998,en,2
Jmjosh90,es,4
Jmjosh90,fr,1
Jmjosh90,en,N
Jmleonrojas,es,N
Jmleonrojas,en,2
Jmmuguerza,en,2
Jmmuguerza,pt,1
Jmmuguerza,es,N
Jmrebes,fr,2
Jmrebes,es,N
Jmrebes,en,2
Jmrebes,ca,3
Jmrebes,it,1
Jmvkrecords,fr,4
Jmvkrecords,es,N
Jmvkrecords,pt,2
Jmvkrecords,en,2
Jnpoelstra,en,3
Jnpoelstra,es,N
Joanderill,fr,3
Joanderill,es,N
Joanderill,ca,N
Joanderill,it,3
Joanderill,de,3
Joanderill,sv,3
Joanderill,en,3
Jofrigerio,it,3
Jofrigerio,es,N
Jofrigerio,en,2
JohnWick91,pt,2
JohnWick91,en,3
JohnWick91,fr,1
JohnWick91,es,N
Joko9087,es,N
Joko9087,en,5
Joko9087,fr,1
Jopevidal,en,3
Jopevidal,es,N
Jorge c2010,es,N
Jorge c2010,pt,1
Jorge c2010,en,2
Jorgealda,de,1
Jorgealda,es,N
Jorgealda,fr,2
Jorgealda,en,4
Jorgeramay,es,N
Jorgeramay,en,4
Jormtz,es,N
Jormtz,en,3
Jose Arcidiacono,ja,3
Jose Arcidiacono,en,3
Jose Arcidiacono,es,N
Jose475,en,2
Jose475,es,N
JoseDLG,en,2
JoseDLG,es,5
JoseDLG,ca,3
JoseDLG,fr,1
Josec92,en,2
Josec92,es,N
Josecurioso,es,N
Josecurioso,en,4
Josefito123,es,N
Josefito123,en,4
Josemoya,en,1
Josemoya,es,N
Josep Lluís,en,3
Josep Lluís,es,N
JosepLapidario,en,3
JosepLapidario,es,N
JosepLapidario,ca,N
JosepLapidario,ja,1
Josi,fr,2
Josi,es,N
Josi,en,2
Josi,eu,N
JosueCarrion,en,1
JosueCarrion,es,N
Jotawik,es,N
Jotawik,en,2
Jpcea00,ca,1
Jpcea00,fr,3
Jpcea00,en,3
Jpcea00,es,N
Jpoeta2,sv,1
Jpoeta2,es,N
Jpoeta2,bar,2
Jpoeta2,en,3
Jpoeta2,de,4
Jpoeta2,fr,1
Jrbbopp,eu,1
Jrbbopp,es,4
Jrbbopp,en,N
Jrbbopp,fr,2
Jrmsegunda,en,2
Jrmsegunda,es,N
Jtcurses,es,N
Jtcurses,ca,N
Jualve,es,N
Jualve,en,3
Juamax,es,N
Juan Antonio Herguera Torres,fr,2
Juan Antonio Herguera Torres,ro,1
Juan Antonio Herguera Torres,es,N
Juan Antonio Herguera Torres,en,3
Juan Antonio Herguera Torres,de,1
Juan Antonio Herguera Torres,el,1
Juan Carcache,en,4
Juan Carcache,es,N
Juan Manuel Nogueiro,gl,3
Juan Manuel Nogueiro,fr,2
Juan Manuel Nogueiro,es,N
Juan Manuel Nogueiro,en,3
Juan Manuel Nogueiro,ast,3
Juan del Barrio San José,en,3
Juan del Barrio San José,es,N
Juanchilp,it,4
Juanchilp,pt,2
Juanchilp,es,N
Juanchilp,en,3
Juanchilp,fr,1
Juandavidmartz1,pt,2
Juandavidmartz1,es,N
Juandavidmartz1,fr,2
Juandavidmartz1,en,N
Juanimj,fr,4
Juanimj,en,4
Juanimj,pt,3
Juanimj,es,N
JuanjoSalvador,en,3
JuanjoSalvador,es,N
JuanjoSalvador,ru,1
Juanmator20,en,2
Juanmator20,es,N
Juanmator20,fr,2
Juanmi285,zh,2
Juanmi285,fr,1
Juanmi285,ko,1
Juanmi285,en,3
Juanmi285,es,N
Juanpy290,en,3
Juanpy290,es,N
Juanpy290,it,2
Judebc,es,N
Judebc,en,3
Jugones55,en,2
JulesHz,en,4
JulesHz,es,N
JulesHz,fr,4
JulesNautilus,es,N
JulesNautilus,en,N
Julia Marquerie,es,N
Julia Marquerie,en,3
Julia Marquerie,pt,2
Juliabis,it,4
Juliabis,es,N
Juliabis,en,2
Juliabis,fr,3
Julianortega,fr,1
Julianortega,it,1
Julianortega,ja,2
Julianortega,en,3
Julianortega,pt,2
Julig10,pt,1
Julig10,de,1
Julig10,es,N
Julig10,en,3
Julián A. de L.,eo,1
Julián A. de L.,en,2
Julián A. de L.,pt,1
Julián A. de L.,es,N
Julián A. de L.,it,2
JuliánLeiva66,es,N
JuliánLeiva66,en,3
JumP!erre,es,3
JumP!erre,en,2
Juniorlol05,en,2
Juniorlol05,es,N
Just caos,es,N
Just caos,en,2
Kadellar,ru,2
Kadellar,fr,2
Kadellar,en,3
Kadellar,de,2
Kadellar,es,N
KaiGoros,es,N
KaiGoros,fr,1
KaiGoros,en,2
KaiGoros,eu,N
Kaleid101,en,3
Kaleid101,ja,1
Kaleid101,es,N
Kamelox,es,N
Kamelox,en,3
Kamelox,fr,1
Karlalhdz,en,2
Karlalhdz,es,N
Katon67,en,4
Katon67,es,N
Katxis,ca,3
Katxis,it,3
Katxis,pt,3
Katxis,zh,3
Katxis,de,3
Katxis,es,N
Katxis,ar,3
Katxis,ru,3
Katxis,fr,4
Katxis,en,4
Katxis,lfn,3
KeldianCL,es,N
KeldianCL,en,4
KerigMsg,ca,N
KerigMsg,en,3
KerigMsg,es,N
Kes47,en,4
Kes47,es,N
Kevin Del Piero 1212,es,N
Kevin Del Piero 1212,en,1
Kgyt,en,3
Kgyt,hu,N
Kgyt,fr,1
Kgyt,ru,1
Kgyt,hi,1
Kgyt,zh,1
Kgyt,ca,1
Kgyt,es,2
Kgyt,it,1
Kgyt,he,1
Kgyt,pt,1
Kgyt,el,1
Khanis Lupus,en,4
Khanis Lupus,vi,1
Khanis Lupus,ja,1
Khanis Lupus,ca,5
Khanis Lupus,ru,2
Khanis Lupus,sv,2
Khanis Lupus,zh,2
Khanis Lupus,es,N
Kimbolas,en,4
Kimbolas,es,N
Kirito,en,3
Kirito,pt,3
Kirito,es,N
KjæreDød,en,5
KjæreDød,es,N
KjæreDød,fr,4
Kmaster,en,3
Kmaster,es,N
Koffermejia,en,2
Koffermejia,es,N
Kojie,pt,4
Kojie,gl,1
Kojie,ca,1
Kojie,en,2
Kojie,es,N
Kolossl,en,3
Kolossl,es,N
Kompu,es,N
Kompu,ru,2
Kompu,en,2
KooperTheTrooper15,en,2
KooperTheTrooper15,es,N
Kovox90,en,3
Kovox90,es,N
KrauVR,es,N
Kris krisis,es,N
Kris krisis,it,1
Kris krisis,en,5
Kris krisis,fr,4
Kris krisis,pt,1
Kris krisis,id,0
Kris krisis,ja,3
Krli2s,es,N
Krowitna,fr,2
Krowitna,es,N
Krowitna,en,4
Krowitna,it,2
LDAB,en,3
LDAB,es,N
LGA EGA,en,2
LGA EGA,eo,2
LGA EGA,es,N
LGA EGA,io,1
LIMO 5,en,3
LIMO 5,es,N
LOLAOMI,es,N
LP,fr,2
LP,en,1
LP,es,N
LWAviator,es,N
LWAviator,en,3
LWAviator,it,3
La fabrica de nubes,pt,1
La fabrica de nubes,ja,1
La fabrica de nubes,en,2
La fabrica de nubes,gl,3
La fabrica de nubes,es,N
Lady Viridian,en,3
Lady Viridian,it,2
Lady Viridian,pt,1
Lady Viridian,es,N
Lagarto,es,N
Lagarto,la,3
Lagarto,it,2
Lagarto,de,2
Lagarto,grc,2
Lagarto,en,2
Lalviarez,en,2
Lalviarez,es,N
Languaeditor,nah,4
Languaeditor,de,1
Languaeditor,es,N
Languaeditor,ca,4
Languaeditor,en,4
Laquin-Laquih,ja,1
Laquin-Laquih,eu,N
Laquin-Laquih,zh,1
Laquin-Laquih,en,3
Laquin-Laquih,ca,1
Laquin-Laquih,es,N
Laura Aparicio,en,4
Laura Aparicio,es,N
LauraGraciaB,an,3
LauraGraciaB,fr,1
LauraGraciaB,es,N
Lcsrns,en,3
Lcsrns,es,N
Lctr,en,1
Lctr,es,N
Leann95,es,N
Leann95,fr,1
Leann95,en,0
Lein03,pt-BR,1
Lein03,es,N
Leire Allué,es,N
Leire Allué,eu,N
Leire Allué,en,1
Leire Allué,ca,1
Lemilio775,es,N
Lemilio775,fr,2
Lemilio775,en,3
Leonudio,fr,1
Leonudio,ca,2
Leonudio,en,3
Leonudio,es,N
Leyre e,it,1
Leyre e,es,N
Leyre e,en,4
Lfwikinet,en,4
Lfwikinet,es,5
Lhikan634,en,N
Lhikan634,es,2
LiBatRa,en,4
LiBatRa,es,N
LiBatRa,de,2
LiMoonBlue,en,3
LiMoonBlue,ca,4
LiMoonBlue,es,N
LiMoonBlue,zh,1
LiamTorres1017,pt,4
LiamTorres1017,es,N
LiamTorres1017,en,4
LiamTorres1017,fr,3
Lidia Warthausen,pt,1
Lidia Warthausen,en,3
Lidia Warthausen,es,N
Lidia Warthausen,it,2
Lilyboada,en,2
Lilyboada,es,N
Lin linao,arn,2
Lin linao,en,2
Lin linao,es,N
Lin linao,pt,1
Lin linao,ca,1
Lin linao,ja,1
Linfocito B,en,4
Linfocito B,it,1
Linfocito B,es,N
Linfocito B,fr,1
Linfocito B,pt,1
Linfocito X,es,N
Linfocito X,en,3
Linguaphonia,en,3
Linguaphonia,es,N
Linguaphonia,pt,1
Llightex,en,N
Llightex,ta,2
Llightex,es,3
Lmalena,es,N
Lmalena,it,1
Lmalena,fr,1
Lmalena,en,3
Lobaluna,es,N
Lobaluna,en,3
LoboDaWolf,es,N
LoboDaWolf,en,2
Locker233,en,2
Locker233,es,N
Loco085,es,N
Loco085,de,1
Loco085,en,3
Loco085,pt,2
LoganPaelias,en,2
LoganPaelias,es,N
Lolay1983,en,3
Lolay1983,es,N
Lourdes Sada,es,N
Lourdes Sada,en,3
Lourdes Sada,fr,3
Lowieciuda,en,2
Lowieciuda,es,N
Lpau,es,N
Lpau,en,2
Luccnoir,en,2
Luccnoir,es,N
Luchofraga,es,N
Luchofraga,fr,3
Luchofraga,en,3
Luchofraga,it,1
Luchofraga,pt,1
Lucien leGrey,pt,1
Lucien leGrey,en,4
Lucien leGrey,fr,2
Lucien leGrey,la,2
Lucien leGrey,es,N
Lucien leGrey,it,1
Lucien leGrey,gl,4
Lufve,fr,4
Lufve,ext,3
Lufve,la,3
Lufve,ar,1
Lufve,it,2
Lufve,an,3
Lufve,got,1
Lufve,es,N
Lufve,eu,1
Lufve,en,5
Lufve,eo,2
Lufve,lad,3
Lufve,mwl,1
Lufve,pt,3
Lufve,gl,3
Lufve,ca,3
Lufve,sv,1
Lufve,de,1
Lufve,el,1
Lufve,oc,1
Lufve,ast,5
Luigimalatesta,cy,3
Luigimalatesta,la,2
Luigimalatesta,en,2
Luigimalatesta,es,N
Luigimalatesta,pt,3
Luigimalatesta,it,3
Luigimalatesta,ro,2
Luis de Corduba,es,N
Luis de Corduba,fr,1
Luis de Corduba,en,3
Luis fragar,es,N
Luis fragar,en,2
Luis fragar,pt,1
Luis1944MX,en,2
Luis1944MX,es,N
Luis918,en,4
Luis918,fr,1
Luis918,es,N
LuisCG11,en,4
LuisCG11,es,N
Luisalfred8,es,N
Luisalfred8,en,1
Luisalvaz,fr,1
Luisalvaz,en,3
Luisalvaz,es,N
Luisoteko,es,N
Luisoteko,en,3
Luiswtc73,es,N
Luiswtc73,en,3
Luiswtc73,it,1
Lumenauta,fr,2
Lumenauta,en,3
Lumenauta,ca,2
Lumenauta,zh,1
Lumenauta,es,N
Lunita28mx,es,N
Lunita28mx,en,3
Lázaro Iglesia,fr,2
Lázaro Iglesia,en,2
Lázaro Iglesia,es,N
Lázaro Iglesia,pt,1
MCarlos,en,3
MFlorez,en,2
MFlorez,es,N
MP DDT,en,5
MP DDT,es,N
MP DDT,de,2
MP DDT,ca,3
MSSpitman,es,N
Mabarin,es,N
Mabarin,en,5
Macacc,ca,1
Macacc,en,3
Macacc,de,2
Macacc,es,N
Madamm79,en,2
Madamm79,es,N
Madamm79,it,2
Madamme Light,en,3
Madamme Light,es,N
Mademoiselle Satine,nl,1
Mademoiselle Satine,it,3
Mademoiselle Satine,en,4
Mademoiselle Satine,fr,2
Mademoiselle Satine,es,N
Mademoiselle Satine,ca,2
Madhing,en,3
Madhing,es,N
Maferlona,it,1
Maferlona,la,1
Maferlona,es,N
Maferlona,en,3
Maferlona,grc,2
Maferlona,fr,1
Maferlona,ca,1
Mafg,es,N
Mafg,en,2
Mafg,gl,1
Mafg,la,1
Magiciandude,es,2
Magiciandude,en,N
Maitebanana,it,4
Maitebanana,es,N
Maitebanana,fr,1
Maitebanana,en,5
Malacitana,en,5
Malacitana,fr,2
Malacitana,pt,1
Malacitana,es,N
Malacitana,ca,3
Maletil,es,N
Maletil,en,3
Malopez 21,es,N
Malvakian,en,2
Malvakian,es,N
Mandorlino,es,N
Mandorlino,ca,2
Mandorlino,de,3
Mandorlino,en,4
Mandorlino,it,1
Manevils,en,3
Manevils,es,N
Manevils,ca,N
Manevils,fr,1
ManjuEspaña,eo,2
ManjuEspaña,de,2
ManjuEspaña,es,N
ManjuEspaña,en,4
ManusaGB,la,1
ManusaGB,pt,1
ManusaGB,fr,1
ManusaGB,en,2
ManusaGB,es,N
ManusaGB,gl,1
ManusaGB,ca,1
ManusaGB,it,1
Maometto97,fa,N
Maor X,es,N
Maor X,it,2
Maor X,pt,4
Maor X,tr,1
Maor X,guc,3
Maor X,ar,1
Maor X,en,5
Maor X,de,3
Maor X,lad,4
Maor X,he,3
Maor X,af,2
Mapc.088,pt,2
Mapc.088,en,5
Mapc.088,es,N
Mapedi97,pt,1
Mapedi97,en,3
Mapedi97,fr,1
Mapedi97,de,N
Mapedi97,es,N
Mapep,pt,2
Mapep,es,N
Mapep,ja,1
Mapep,en,3
Marcecoro,es,N
Marcelo Huerta,en,3
Marcelo Huerta,es,N
Marcelo Huerta,eo,1
Marcelo Huerta,fr,1
Marcetw,es,N
Marcgon16,ca,N
Marcgon16,en,1
Marcgon16,es,N
Marclluell,ca,N
Marclluell,es,N
Marclluell,en,3
MarcoAurelio,en,2
MarcoAurelio,fr,1
MarcoAurelio,es,N
MarcoAurelio,gl,1
MarcoTevar,ssp,4
MarcoTevar,es,N
MarcoTevar,en,2
Marcomogollon,pt,1
Marcomogollon,it,1
Marcomogollon,es,N
Marcomogollon,en,2
Marcopedia22,de,2
Marcopedia22,en,3
Marcopedia22,es,N
Marcos B. R.,en,2
Marcos B. R.,es,N
Marcos B. R.,gl,N
Marcos B. R.,pt,1
MarcosEire,en,3
MarcosEire,pt,2
MarcosEire,gl,N
MarcosEire,es,N
Marcosgp19,en,1
Marcosgp19,ca,N
Marcosgp19,es,N
Maria Jose FC,fr,2
Maria Jose FC,de,3
Maria Jose FC,en,3
Maria Jose FC,es,N
Maria-Yamaguchi,en,3
Maria-Yamaguchi,ja,3
Maria-Yamaguchi,es,N
Mariagarcia,es,N
Mariagarcia,en,2
Mariagarcia,fr,2
Marifer Veloz,en,4
Marifer Veloz,it,2
Marifer Veloz,es,N
MarioGom,en,3
MarioGom,ca,2
MarioGom,es,N
MarisaLR,es,N
MarisaLR,fr,1
MarisaLR,ca,N
MaritoMonge,en,2
MaritoMonge,es,N
Marki354,ca,N
Marki354,en,3
Marki354,es,N
Marki354,fr,1
MartaLenniz,es,N
MartinRivasPhD,en,4
MartinRivasPhD,ca,3
MartinRivasPhD,es,N
MartinRivasPhD,fr,2
MartinSu100,en,5
MartinSu100,es,N
MartinSu100,zh,3
MartinSu100,ja,2
Martina Chenowitz,el,1
Martina Chenowitz,oc,2
Martina Chenowitz,lt,1
Martina Chenowitz,fr,2
Martina Chenowitz,it,2
Martina Chenowitz,pt,3
Martina Chenowitz,es,N
Martina Chenowitz,en,4
Martín Villarroel Pérez,en,3
Martín Villarroel Pérez,es,N
Maruos18,en,N
Maruos18,es,4
María Sacristán,en,3
María Sacristán,es,N
María Sacristán,fr,3
Masaavedra,en,4
Masaavedra,es,N
MateWi,de,N
MateWi,pt,1
MateWi,en,4
MateWi,es,N
MateWi,fr,1
Materasi,en,5
Materasi,ast,4
Materasi,pt,1
Materasi,it,3
Materasi,es,N
Materiaoscura,es,N
Materiaoscura,en,2
Matias1799,en,4
Matias1799,es,N
Matias1799,fr,2
Maucruza12,es,N
Maucruza12,en,3
Maumana,de,1
Maumana,it,2
Maumana,es,N
Maumana,en,4
Maumana,fr,3
Mavelus,en,4
Mavelus,fr,1
Max Maps 13,en,3
Max Maps 13,es,N
Maximo88,it,2
Maximo88,en,3
Maximo88,es,N
Maximo88,de,1
Maximo88,fr,3
Mboix,en,1
Mboix,fr,3
Mboix,it,1
Mboix,ca,N
Mboix,es,N
Mcptrad,ca,3
Mcptrad,es,N
Mcptrad,it,3
Mcptrad,en,5
Melkart4k,en,5
Melkart4k,es,N
Melkart4k,fr,1
Mentxuwiki,eu,2
Mentxuwiki,en,3
Mentxuwiki,pt,3
Mentxuwiki,es,N
Mentxuwiki,ca,1
Mer RZ,fr,2
Mer RZ,en,4
Mer RZ,es,N
MerZab,eu,N
MerZab,es,N
Metamario,de,2
Metamario,es,N
Metamario,en,4
Meteorito80,fr,2
Meteorito80,de,4
Meteorito80,en,4
Meteorito80,es,N
MetroVal,en,1
MetroVal,es,N
Mettallzoar,es,N
Mettallzoar,it,3
Mettallzoar,en,3
Michael Barbotó,en,3
Michael Barbotó,es,N
Michael junior obregon pozo,qwh,2
Michael junior obregon pozo,qu,2
Michael junior obregon pozo,es,N
Michael junior obregon pozo,en,3
Michampinion,es,N
Michampinion,en,2
Michampinion,gl,N
Micnous,qu,1
Micnous,pt,1
Micnous,es,N
Micnous,de,1
Micnous,en,1
MictlanSacbe,es,N
MictlanSacbe,en,2
Migang2g,es,N
Migang2g,en,3
Miguel913,ru,3
Miguel913,ca,N
Miguel913,en,3
Miguel913,es,N
Miguel913,el,4
Miguel913,de,1
MiguelAlanCS,es,N
MiguelAlanCS,en,2
MiguelAngel fotografo,ca,1
MiguelAngel fotografo,es,N
Miguu,en,3
Miguu,es,N
Mike2508,es,N
Mike2508,en,3
Mike2508,eu,3
Miketanis,es,N
Miketanis,ja,1
Miketanis,it,1
Miketanis,gl,N
Miketanis,en,3
Miketanis,fr,2
Miketanis,pt,2
Milekipe,en,4
Milekipe,es,N
Milekipe,it,1
Milekipe,pt,4
Milekipe,fr,3
Milekipe,de,3
Millars,oc,1
Millars,en,3
Millars,gl,1
Millars,ast,1
Millars,pt,2
Millars,de,2
Millars,es,N
Millars,fr,3
Millars,an,1
Millars,it,3
Millars,ru,1
Millars,ca,N
Mircalla22,en,3
Mircalla22,es,N
Missionedit,en,N
Missionedit,es,2
Missionedit,he,1
Mito0504,fr,4
Mito0504,en,3
Mito0504,es,N
Mollejasaurio,en,5
Mollejasaurio,es,N
Mollejasaurio,de,3
Mollejasaurio,pt,2
Moniquiña,es,N
Moniquiña,gl,N
Moniquiña,en,3
Monredo,eu,3
Monredo,en,N
Monredo,es,N
Monredo,et,3
Monredo,fr,N
Monredo,ru,4
Monredo,da,3
Monredo,it,N
Monredo,ceb,4
Monredo,fi,N
Monredo,pl,4
Monredo,pt,N
Monredo,ca,2
Monredo,sv,N
MontanNito,es,N
MontanNito,ca,N
MontanNito,en,3
Montealto,en,3
Montealto,pl,1
Montealto,es,N
Montealto,la,2
Montealto,it,2
Montealto,fr,1
MontseBL,es,N
MontseBL,it,3
MontseBL,en,3
Montxohache,eu,2
Montxohache,es,N
Moonkey,en,2
Moonkey,es,N
Morc'hast,es,N
Morc'hast,lt,1
Morc'hast,eo,4
Morc'hast,pt,3
Morc'hast,et,2
Morc'hast,fr,4
Morc'hast,fi,3
Morc'hast,en,5
Morc'hast,ast,N
Morc'hast,eu,1
Mortadelo2005,de,1
Mortadelo2005,es,N
Mortadelo2005,it,1
Mortadelo2005,en,3
Mortadelo2005,fr,2
Mortadelo2005,pt,3
Morza,pt,1
Morza,it,2
Morza,en,2
Morza,es,N
Mr LuiXan,pt,2
Mr LuiXan,en,3
Mr LuiXan,ja,1
Mr LuiXan,es,N
Mr. Moonlight,en,2
Mr. Moonlight,es,N
Mr. Moonlight,pt,2
Mr.Ajedrez,fr,2
Mr.Ajedrez,ast,N
Mr.Ajedrez,en,3
Mr.Ajedrez,es,N
Mr.Publius,en,3
Mr.Publius,es,N
MrMaenlest,en,2
MrMaenlest,eu,1
MrObafa,ca,N
MrObafa,fr,1
MrObafa,es,N
MrObafa,en,3
MrPotato1010,en,3
MrPotato1010,ca,N
MrPotato1010,es,N
Mraddon,en,N
Mraddon,es,N
Mraddon,ca,N
Mrexcel,es,5
Mromero07,es,N
Mromero07,pt,1
Mromero07,en,3
Mromero07,ja,0
Mrtony77,es,N
Mrtony77,en,N
MsTofucito,es,N
MsTofucito,de,1
MsTofucito,en,3
Msolgiz,en,2
Msolgiz,fr,2
Msolgiz,es,N
MulberryTwine,es,3
MulberryTwine,en,N
MulberryTwine,zh,1
MulberryTwine,de,1
Muramasa,it,2
Muramasa,es,N
Muramasa,en,2
Museo8bits,es,N
Museo8bits,pt,1
Museo8bits,fr,1
Museo8bits,ca,1
Museo8bits,en,2
Museo8bits,it,1
Musgosos,es,N
Musgosos,ca,0
Musgosos,en,1
Musgosos,fr,0
Mushii,es,N
Mushii,en,4
Mvence,pt,3
Mvence,it,1
Mvence,gl,N
Mvence,es,N
Mvence,en,2
Mvence,fr,2
Mycoandres,en,2
Mycoandres,es,N
Myztery333,en,1
Myztery333,es,N
NATNUN,es,N
NATNUN,en,3
NBVC127,es,N
NBVC127,fr,2
NCVar,es,N
NCVar,en,5
Nachosan,fr,0
Nachosan,es,N
Nachosan,ca,1
Nachosan,en,2
Nandezz06,es,N
Nandezz06,fr,2
Nandezz06,en,3
Nandezz06,ast,1
Nano119,es,N
Nano119,fr,2
Nano119,en,4
Naranjo1102,es,N
Naranjo1102,en,4
Naranjo1102,fr,2
Naranjo1102,ja,2
Narcissa Lulamoon,es,N
Narcissa Lulamoon,en,2
Narrowbender,es,N
Narrowbender,en,2
Narrowbender,de,1
Narrowbender,fr,1
Narunnaia,it,1
Narunnaia,es,N
Narunnaia,ca,3
Narunnaia,pt,1
Narunnaia,en,3
Naturista2018,mg,1
Naturista2018,bs,1
Naturista2018,ru,1
Naturista2018,fr,3
Naturista2018,pl,1
Naturista2018,ar,1
Naturista2018,de,3
Naturista2018,hu,1
Naturista2018,ro,1
Naturista2018,it,3
Naturista2018,es,N
Naturista2018,zh,1
Naturista2018,pt,3
Naturista2018,en,3
Naturista2018,vi,1
Naturista2018,ja,1
Nearthel,gl,3
Nearthel,en,3
Nearthel,es,N
Nehme1499,it,N
Nehme1499,es,1
Nehme1499,en,N
NekroixCH,es,5
NekroixCH,en,4
NekroixCH,fr,N
NekroixCH,de,1
Nellorolleri,it,2
Nellorolleri,en,1
Nellorolleri,es,N
Nenufarcordoba,es,N
Nenufarcordoba,en,3
Nenufarcordoba,pt,2
Nerart,ar,1
Nerart,fr,2
Nerart,en,3
Nerart,es,N
Nerart,eu,N
Nerika,es,N
Nerika,de,2
NewFireM,en,2
NewFireM,es,N
NewFireM,pt,1
Neworsy,de,4
Neworsy,en,3
Neworsy,es,N
Neworsy,fr,3
NiceMushrooms,ru,0
NiceMushrooms,es,N
NiceMushrooms,sa,0
NiceMushrooms,en,4
NiceMushrooms,pi,0
NiceMushrooms,it,2
NicoSkater97,en,4
NicoSkater97,ja,3
NicoSkater97,es,N
Nicoguaro,en,3
Nicoguaro,es,N
Nicosariego,es,N
Nicosariego,ca,2
Nicosariego,en,2
Niebli,it,4
Niebli,fr,4
Niebli,en,4
Niebli,es,N
Nikos3194,es,N
Nikos3194,pt,1
Nikos3194,en,1
Nikos3194,ja,0
Nimbusaeta,en,3
Nimbusaeta,es,N
Nioger,fr,3
Nioger,es,N
Nioger,en,3
Nivent2007,es,N
Nivent2007,fr,1
Nivent2007,en,3
NoonIcarus,es,N
NoonIcarus,en,3
NotFenixio,eu,3
NotFenixio,es,N
NotFenixio,en,2
Nottedeluce,fr,3
Nottedeluce,it,3
Nottedeluce,es,N
Nottedeluce,ca,N
Nottedeluce,de,1
Nottedeluce,en,3
Nubecosmica,en,2
Nubecosmica,es,N
Numa~eswiki,es,N
Numa~eswiki,pt,2
Numa~eswiki,it,1
Numa~eswiki,fr,1
Numa~eswiki,gl,1
Nymer1a,en,2
Nymer1a,es,N
Núria Florensa Adell,es,4
Núria Florensa Adell,en,2
Núria Florensa Adell,ca,N
Oblongo,es,N
Oblongo,fr,4
Obstrok,es,5
Obstrok,en,3
Ol'Shariv,es,N
Ol'Shariv,en,3
Ol'Shariv,de,2
Olarcos,fr,3
Olarcos,es,N
Olarcos,en,4
Olarcos,ext,N
Olarcos,de,3
Olarcos,ja,1
Olarcos,pt,5
Olarcos,ro,1
Olarcos,ru,1
Olarcos,ca,2
Olarcos,la,1
Olarcos,it,2
Olavarria10,es,N
OldGabrielF4,en,3
OldGabrielF4,es,N
Olea,en,3
Olea,es,N
Olea,ab,0
Olfoalev,es,N
Olfoalev,en,2
Oolema,es,N
Oolema,ca,5
Oolema,en,3
Opositor2012,en,3
Opositor2012,it,3
Opositor2012,fr,5
Opositor2012,es,N
Orendona,en,3
Orendona,es,N
Orestes 71,es,N
Orestes 71,en,2
Orlax,en,2
Orlax,es,N
Ortisa,es,N
Oscar .,es,N
Oscar .,en,3
Osepu,en,3
Osepu,es,N
OsoPooky,en,4
OsoPooky,es,N
Otravolta,ca,N
Otravolta,es,N
Otravolta,en,2
Oyauguru,eo,1
Oyauguru,fr,1
Oyauguru,pt,1
Oyauguru,en,2
Oyauguru,es,N
Oyauguru,ru,1
P G-A G,pt,1
P G-A G,eo,2
P G-A G,gl,1
P G-A G,en,4
P G-A G,ca,2
P G-A G,de,2
P G-A G,it,1
P G-A G,ast,1
P G-A G,eu,1
P G-A G,mwl,1
P G-A G,ext,1
P G-A G,oc,1
P G-A G,fr,2
P G-A G,es,N
P G-A G,lad,1
P G-A G,an,1
PFSV-UY,pt,4
PFSV-UY,en,2
PFSV-UY,es,N
PIKACHUNESS,en,3
PIKACHUNESS,es,N
PPinzas88,ca,1
PPinzas88,es,N
PPinzas88,fr,1
PPinzas88,en,4
Pablo Berthaud,en,2
Pablo Berthaud,es,N
Pablo Berthaud,fr,4
Pablo Darko,en,3
Pablo Darko,fr,2
Pablo Darko,es,N
Pablo Tornielli,en,3
Pablo Tornielli,fr,2
Pablo Tornielli,ar,3
Pablo Tornielli,it,2
Pablo Tornielli,es,N
PabloCastellano,eo,1
PabloCastellano,it,3
PabloCastellano,ca,3
PabloCastellano,en,3
PabloCastellano,de,1
PabloCastellano,es,N
PabloNautica,eu,1
PabloNautica,fr,1
PabloNautica,gl,0
PabloNautica,de,2
PabloNautica,ca,2
PabloNautica,es,N
PabloNautica,en,4
Pabloab,fr,1
Pabloab,es,N
Pabloab,en,3
Pablussky,ca,4
Pablussky,en,4
Pablussky,it,1
Pablussky,fr,2
Pablussky,es,N
Padaguan,en,3
Padaguan,es,N
Padaguan,fr,1
Pahi,fr,4
Pahi,de,N
Pahi,ca,3
Pahi,pt,3
Pahi,it,4
Pahi,es,4
Pahi,en,4
Paladium,gl,4
Paladium,es,N
Paladium,en,2
PaliGol,es,4
PaliGol,en,2
PaliGol,ca,N
PaliGol,fr,1
Palissy,en,2
Palissy,el,1
Palmpilot,es,N
Palmpilot,ja,1
Palmpilot,en,2
Palmpilot,pt,1
Pancetaa,en,4
Pancetaa,el,1
Pancetaa,es,N
Pancetaa,fi,1
Panuweb,es,N
Panuweb,en,2
Paputx,ca,N
Paputx,es,3
Paputx,fr,2
Paputx,en,1
Paramaconic,es,N
Paramaconic,en,2
Pascow,en,3
Pascow,pt,1
Pascow,it,2
Pascow,es,N
Pascual07,it,1
Pascual07,en,3
Pascual07,fr,1
Pascual07,pt,1
Pascual07,es,N
PatriHorrillo,ca,3
PatriHorrillo,en,4
PatriHorrillo,es,N
Patricio.lorente,it,2
Patricio.lorente,es,N
Patricio.lorente,en,3
Patrick McKleinschuss,en,1
Patrick McKleinschuss,it,1
Patrick McKleinschuss,es,N
Patrick McKleinschuss,fr,2
Paucg.mac,ja,1
Paucg.mac,es,N
Paucg.mac,en,1
Paulaillera,en,3
Paulaillera,es,N
Paulaillera,it,1
Paunina.v,en,3
Paunina.v,es,N
Pcamellon,es,N
Pcamellon,en,3
Pcamellon,fr,1
Pchamorro,en,2
Pchamorro,es,3
Pedro Aguiar,es,3
Pedro Aguiar,pt,N
Pedro Aguiar,ru,1
Pedro Aguiar,en,3
Pedrokuu,es,N
PepTheVoyager,ca,N
PepTheVoyager,it,1
PepTheVoyager,es,N
PepTheVoyager,en,2
PepTheVoyager,gl,N
Pepito Giraldito,en,4
Pepito Giraldito,es,N
Pepito Giraldito,gl,N
Pepito Giraldito,de,3
Pequeñocastor,fr,2
Pequeñocastor,en,3
Pequeñocastor,es,N
Percy Meza,es,N
Percy Meza,en,2
PereM.Aranda YT,es,N
PereM.Aranda YT,ca,N
PereM.Aranda YT,en,3
PereM.Aranda YT,pt,1
Pesca59,es,N
Pesca59,fr,1
Pesca59,en,4
Pesca59,la,1
PeterCantropus,es,N
PeterCantropus,en,2
Petillés,pt,2
Petillés,en,N
Petillés,de,3
Petillés,gl,N
Petillés,it,3
Petillés,la,1
Petillés,es,N
Petillés,fr,1
Pfreilem,pt,2
Pfreilem,en,3
Pfreilem,it,2
Pfreilem,es,N
Pfreilem,fr,2
Pfreilem,qu,1
Phantom Oficiall,es,N
Phantom Oficiall,en,3
Phasianidae,es,N
Phasianidae,en,4
Phasianidae,de,1
Phillo,fr,0
Phillo,es,N
Phillo,en,3
PiernasLokas420,es,N
PiernasLokas420,en,2
Pietro,es,2
Pietro,it,N
Pietro,en,3
Pietro,pt,1
Pietro,fr,1
Pietro4wd,it,1
Pietro4wd,es,N
Pietro4wd,pt,1
Pietro4wd,en,2
Pietrus,es,N
Pietrus,en,3
Pietrus,fr,1
Pintakuda,es,N
Pipaina,es,N
Pipaina,en,4
Pipaina,it,2
Pipaina,de,1
Pipaina,fr,2
Piwiki314,en,4
Piwiki314,de,1
Piwiki314,es,N
Pjpmosteiro,gl,N
Pjpmosteiro,en,2
Pjpmosteiro,es,N
Plumbago Capensis,fr,3
Plumbago Capensis,es,2
Plumbago Capensis,en,4
Plumbago Capensis,la,1
Plumbago Capensis,it,N
Plumbago Capensis,pt,1
Pojos,en,5
Pojos,es,N
Pojos,fr,2
Pojos,de,1
Pojos,pt,2
Polinizador,en,5
Polinizador,es,5
Polinizador,fr,1
Politges13,en,3
Politges13,ca,N
Politges13,es,N
Portster,es,N
Portster,de,5
Portster,en,5
Pradejoniensis,es,N
Pradejoniensis,en,2
Primat2003,en,3
Primat2003,es,N
Primat2003,pt,1
Profenaya,es,N
ProgramadorCCCP,es,N
ProgramadorCCCP,eo,0
ProgramadorCCCP,ru,0
ProgramadorCCCP,en,2
ProgramadorCCCP,de,0
ProtoplasmaKid,nah,1
ProtoplasmaKid,fr,0
ProtoplasmaKid,es,N
ProtoplasmaKid,ca,1
ProtoplasmaKid,en,3
ProtoplasmaKid,pt,2
Psanchez820,en,4
Psanchez820,es,N
Psoriat,ru,1
Psoriat,ca,4
Psoriat,en,3
Psoriat,es,N
Pólux,es,N
Pólux,la,1
Pólux,en,4
Pólux,fr,1
Qoan,eo,2
Qoan,la,1
Qoan,fr,3
Qoan,el,4
Qoan,ca,N
Qoan,ar,2
Qoan,de,1
Qoan,en,4
Qoan,it,2
Qoan,nl,1
Qoan,es,N
Qoan,grc,1
Quantanew,en,4
Quantanew,es,N
Quijótiz,es,N
Quijótiz,fr,1
Quijótiz,en,2
Quijótiz,de,1
Quimpuig12,it,1
Quimpuig12,es,4
Quimpuig12,ca,N
Quimpuig12,fr,2
Quimpuig12,en,2
Quimpuig12,pt,1
R2d21024,es,N
R2d21024,fr,2
R2d21024,it,1
R2d21024,en,4
R2d21024,pt,1
REDEFREDEF,de,1
REDEFREDEF,en,3
REDEFREDEF,es,N
RGLago,es,N
RGLago,en,4
RReyes,es,N
Racanno,es,N
Racanno,en,4
Rachiba,ja,2
Rachiba,es,N
Rachiba,en,3
Raderich,de,3
Raderich,pl,1
Raderich,fr,2
Raderich,ca,4
Raderich,es,N
Raderich,en,3
RafaRuizdeLira,en,4
RafaRuizdeLira,es,N
Rafapetunia,en,4
Rafapetunia,es,N
Rafapetunia,ru,2
Rafapetunia,de,3
Rafaxpedia,es,5
Rafaxpedia,en,1
Raguadom,ast,3
Raguadom,de,2
Raguadom,en,5
Raguadom,pt,3
Raguadom,gl,3
Raguadom,es,N
RakoonGamer,es,N
RakoonGamer,en,5
Ram H,es,N
Ram H,en,2
Ramjar,it,1
Ramjar,pt,1
Ramjar,es,N
Ramjar,en,3
RammGmbH,en,3
RammGmbH,de,1
RammGmbH,es,N
Randomeldíos 213,fr,1
Randomeldíos 213,en,1
Randomeldíos 213,de,2
Randomeldíos 213,es,N
Raos10,es,N
Raos10,en,3
Raos10,fr,1
RaquelFlorez,es,N
RaquelFlorez,it,3
RaquelFlorez,en,4
RaquelFlorez,fr,3
Raskolnikova~eswiki,es,N
Raskolnikova~eswiki,de,2
Raskolnikova~eswiki,en,3
Raskolnikova~eswiki,pt,2
Rastrojo,es,N
Rastrojo,de,1
Rastrojo,fr,2
Rastrojo,en,4
Rataube,he,4
Rataube,es,N
Rataube,en,3
Raul Magdalena,es,N
Raul Magdalena,ca,N
Raul Magdalena,en,2
Rauletemunoz,it,1
Rauletemunoz,ca,N
Rauletemunoz,fr,1
Rauletemunoz,es,N
Rauletemunoz,en,2
Raulito85,fr,2
Raulito85,es,N
Raulito85,de,2
Raulito85,ast,3
Raulito85,en,2
Raulito85,gl,3
Ravave,es,N
Ravave,gl,1
Ravave,en,2
Ravmn,es,N
Ravmn,en,3
Ravmn,de,2
Raystorm,fr,2
Raystorm,en,4
Raystorm,es,N
Rdcc1201,en,N
Rdcc1201,es,N
RedTony,de,2
RedTony,zh,1
RedTony,es,N
RedTony,fr,3
RedTony,en,4
RedTony,it,4
Redditor098,es,N
Redditor098,ru,1
Redditor098,en,3
Redlarva,gl,1
Redlarva,es,N
Redlarva,en,3
Redlarva,ca,5
Redondo al cuadrado,es,N
Rellum,es,N
Rellum,en,3
Remanius,fr,1
Remanius,es,N
Remanius,la,1
Remanius,en,4
Remux,eo,4
Remux,es,N
Remux,ia,2
Remux,ca,2
Remux,en,3
Reneh0705,en,3
Reneh0705,es,N
Rexmania,es,N
Rexmania,en,2
Rexrodo,eo,1
Rexrodo,en,2
Rexrodo,es,N
Rextron,en,2
Rextron,es,N
Rgcamus,en,2
Rgcamus,fr,2
Rgcamus,es,N
Rhernan,es,N
Rhernan,fr,2
Rhernan,de,1
Rhernan,en,4
Rhernan,ca,1
Rhernan,it,3
Richardgensui,pt,1
Richardgensui,en,3
Richardgensui,es,N
Richardgensui,fr,1
Richardgensui,it,1
Rico22,es,3
Rico22,en,5
Rico22,nl,N
Rico22,fr,2
Rico22,de,3
Ripios,fr,2
Ripios,es,N
Ripios,en,3
Ripios,it,2
Risantana,en,3
Rito-kun,ja,2
Rito-kun,en,2
Rito-kun,pt,1
Rito-kun,es,N
Rivetal,fr,3
Rivetal,en,3
Rivetal,es,N
Rjelves,en,3
Rjelves,es,N
Rjgalindo,pt,3
Rjgalindo,es,N
Rjgalindo,de,0
Rjgalindo,fr,1
Rjgalindo,en,4
Rjgalindo,it,2
Rlinx,es,N
Rlinx,en,2
Roberpl,en,3
Roberpl,es,N
Roberpl,fr,1
RobertMaxSteenkist,de,3
RobertMaxSteenkist,nl,2
RobertMaxSteenkist,es,N
RobertMaxSteenkist,fr,1
RobertMaxSteenkist,en,3
RoboePi,tok,1
RoboePi,en,3
RoboePi,ca,1
RoboePi,fr,1
RoboePi,es,N
RoboePi,pt,1
Robot8A,de,2
Robot8A,en,5
Robot8A,el,1
Robot8A,ca,2
Robot8A,es,N
Robotico,pt,2
Robotico,es,N
Robotico,en,2
Rodamaker,it,1
Rodamaker,pt,1
Rodamaker,fr,2
Rodamaker,ca,1
Rodamaker,en,3
Rodamaker,es,N
Rodelar,en,2
Rodelar,ast,1
Rodelar,es,N
Rodhos,en,3
Rodhos,it,1
Rodhos,de,0
Rodhos,ja,0
Rodhos,ru,0
Rodhos,es,N
Rodhos,fr,0
Rodm23,es,N
Rodm23,en,3
RomanLier,en,3
RomanLier,it,2
RomanLier,ko,1
Romang,ca,N
Romang,en,1
Romang,es,N
Romanus,it,3
Romanus,es,N
Romanus,en,3
Romanus,fr,2
Romanus,de,1
Rommeliosva,en,3
Rommeliosva,es,N
Ronaldo Cacini,es,N
Ronaldo Cacini,en,4
Ropaga,es,N
Ropaga,en,3
Rorey Wheeler,it,2
Rorey Wheeler,de,0
Rorey Wheeler,en,4
Rorey Wheeler,es,5
Rorey Wheeler,fr,3
Rorrolj,es,N
Rorrolj,en,2
Rorrolj,fr,2
Rosarino,fr,0
Rosarino,es,N
Rosarino,en,3
Rosarino,pt,2
Rosarino,sa,1
Rosarino,it,2
Rosguill,it,2
Rosguill,fr,3
Rosguill,ru,2
Rosguill,de,3
Rosguill,en,N
Rosguill,ca,1
Rosguill,tr,1
Rosguill,he,2
Rosguill,pt,2
Rosguill,vi,1
Rosguill,ja,1
Rosguill,es,N
Rosguill,yi,2
Rostertron,en,4
Rostertron,es,N
Rowanwindwhistler,ja,1
Rowanwindwhistler,es,N
Rowanwindwhistler,fr,1
Rowanwindwhistler,en,4
RpYo,es,N
RpYo,en,3
Rtabraue,en,3
Rtabraue,es,N
RubenWGA,gl,N
RubenWGA,en,3
RubenWGA,es,N
RubenWGA,fr,3
RubenWGA,pt,2
Rubengeo,en,1
Rubengeo,pt,1
Rubengeo,es,N
Rubenleobcn,en,3
Rubenleobcn,de,1
Rubenleobcn,zh,1
Rubenleobcn,eu,0
Rubenleobcn,an,1
Rubenleobcn,es,N
Rubenleobcn,ar,0
Rubenleobcn,fr,3
Rubenleobcn,pt,2
Rubenleobcn,gl,1
Rubenleobcn,ast,1
Rubenleobcn,eo,0
Rubenleobcn,oc,0
Rubenleobcn,ext,1
Rubenleobcn,ca,N
Rubenleobcn,ru,0
Rubenleobcn,ko,1
Rubenleobcn,it,3
Rubenleobcn,ja,2
Rummelstumpen,en,3
Rummelstumpen,es,N
Rummelstumpen,pt,1
Rummelstumpen,de,1
RussianWedding,es,N
RussianWedding,en,3
RussianWedding,eu,4
Ruth Jijón,es,N
Ruxnor,es,N
Ruxnor,en,3
SAVZ,sr,N
SAVZ,es,N
SAVZ,ru,2
SAVZ,bg,1
SAVZ,en,3
SRuizR,es,N
SRuizR,en,4
Sabathius,en,3
Sabathius,es,N
Sabbut,en,4
Sabbut,ja,2
Sabbut,fr,3
Sabbut,es,N
Sacadasclan,en,2
Sacadasclan,es,N
Sacebro,en,3
Sacebro,gl,N
Sacebro,pt,2
Sacebro,es,N
Sacebro,fr,3
Sahaquiel9102,es,N
Sahaquiel9102,ca,0
Sahaquiel9102,de,1
Sahaquiel9102,qya,1
Sahaquiel9102,ru,0
Sahaquiel9102,simple,4
Sahaquiel9102,eo,3
Sahaquiel9102,la,0
Sahaquiel9102,ia,1
Sahaquiel9102,en,2
Sahaquiel9102,ast,1
Salvacha,es,4
Salvacha,en,2
Salvacha,qu,1
Salvador alc,es,N
Salvador alc,en,3
Salvador alc,de,2
SalviaRomana,es,N
SalviaRomana,la,1
SalviaRomana,grc,1
Santamarcanda,es,5
Santamarcanda,pt,N
Santamarcanda,gl,2
Santamarcanda,fr,1
Santamarcanda,en,2
Santi12368,en,4
Santi12368,es,N
SantiR2309,es,N
Santiago Arderíus,es,N
Santiago Arderíus,zh,1
Santiago Arderíus,en,4
Santiago Plá Casuriaga,es,N
Santosha86,es,N
Santosha86,gl,1
Santosha86,en,4
Santosha86,fr,3
Santy1289,en,2
Santy1289,es,N
Sargento de Hierro,gl,N
Sargento de Hierro,es,N
Sarlight,en,1
Sarlight,es,N
Sasssyconcep,es,N
Sasssyconcep,fr,5
Sasssyconcep,ar,1
Sasssyconcep,en,5
Savh,nl,N
Savh,fr,1
Savh,en,3
Savh,es,N
Savig,fr,1
Savig,en,4
Savig,pt,3
Savig,es,N
Savig,eo,2
Savig,gl,N
Scientia-contrib,en,5
Scientia-contrib,es,N
Scriptartis,es,N
Scriptartis,en,N
Seb26,es,3
Seb26,en,N
Sebaspikyaq,en,1
Sebastian Ricardo Ventura Chavez,es,N
Sebastian Ricardo Ventura Chavez,ms,0
Sebastian Ricardo Ventura Chavez,en,1
Sebastian Ricardo Ventura Chavez,hi,0
Sebastiancruz,en,2
Sebastiancruz,es,N
Sebastián Uría M.,en,3
Sebastián Uría M.,es,N
Sebasweee,pt,2
Sebasweee,ja,1
Sebasweee,es,N
Sebasweee,ca,N
Sebasweee,gl,2
Sebasweee,en,3
Sefer,es,N
Sefer,en,2
Seigneux,en,3
Seigneux,fr,2
Seigneux,es,N
Sellkyrck,es,N
Sellkyrck,en,3
Senda1234,es,N
Ser3196,es,N
SerAlexPotter,es,N
SerAlexPotter,en,3
SerAlexPotter,ca,1
Serg!o,es,N
Serg!o,zh,1
Serg!o,en,3
Sergial980,gl,N
Sergial980,en,2
Sergial980,es,N
SergioFLS,en,4
Sergiobrito88,es,N
Sergiobrito88,en,2
Serromsan,ar,1
Serromsan,es,N
Serromsan,fr,4
Serromsan,en,4
Sertux,en,3
Sfs90,es,N
Sfs90,ar,0
Sfs90,pt,1
Sfs90,en,5
Sfs90,it,2
Shebaks,es,N
Shebaks,en,5
Shebaks,fr,1
Siderium,ia,1
Siderium,en,4
Siderium,eu,4
Siderium,es,N
SiempreBarle,en,3
SiempreBarle,es,N
Silva Selva,fr,1
Silva Selva,de,3
Silva Selva,es,N
Silva Selva,en,4
Silviaroca04,en,3
Silviaroca04,es,N
Silviaroca04,ca,N
Silviawp,en,3
Silviawp,es,N
Silviawp,fr,2
Simon Burchell,it,1
Simon Burchell,pt,2
Simon Burchell,es,4
Simon Burchell,en,N
SimonLuzuriaga,es,N
SimonLuzuriaga,it,3
SimonLuzuriaga,en,5
SinPantuflas,pt,1
SinPantuflas,en,4
SinPantuflas,fr,1
SinPantuflas,es,N
SinPantuflas,de,3
SirAvles,es,N
SirAvles,ru,1
SirAvles,de,1
SirAvles,fr,3
SirAvles,en,3
SirAvles,it,3
SirAvles,nah,2
SirAvles,pt,3
SistemaRayoXP,en,3
SistemaRayoXP,es,N
Sky Harbor,ja,1
Sky Harbor,es,3
Sky Harbor,zh,2
Sky Harbor,tl,N
Sky Harbor,pl,2
Sky Harbor,fr,1
Sky Harbor,en,N
Sofia3878,it,1
Sofia3878,ru,2
Sofia3878,az,N
Sofia3878,es,2
Sofia3878,en,2
Sohryu,de,2
Sohryu,la,1
Sohryu,es,N
Sohryu,en,4
Soji2590,es,N
Soji2590,en,3
SolEnMadrid,it,N
SolEnMadrid,fr,1
SolEnMadrid,es,N
SolEnMadrid,en,3
Solde9,en,3
Solde9,es,N
SoleFabrizio,es,N
SoleFabrizio,it,3
SoleFabrizio,en,2
SoleFabrizio,fr,1
Sombra Inquieta,es,N
Sombra Inquieta,en,2
Sopita play house,en,2
Sopita play house,es,N
Spark 23,es,N
SrCerberus,ca,1
SrCerberus,de,2
SrCerberus,en,4
SrCerberus,eu,2
SrCerberus,fr,2
SrCerberus,es,N
Stardust,es,N
Stardust,en,3
Stardust,de,2
Stardust,gl,N
Stefanbcn,ca,1
Stefanbcn,de,N
Stefanbcn,es,3
Stefanbcn,en,3
Stoni,en,4
Stoni,es,N
Stoni,gl,N
Stïnger,ja,2
Stïnger,es,N
Stïnger,en,3
Sudonet,es,N
Sudonet,en,3
Suecarmol,en,5
Suecarmol,es,N
Suecarmol,fr,2
Sumolari,en,3
Sumolari,es,N
Sumolari,ca,N
Surestegto,fr,2
Surestegto,it,2
Surestegto,es,N
Surestegto,de,3
Surestegto,en,3
Surestegto,pt,2
Suribe,es,N
Suribe,en,3
Suribe,lv,1
Susanadiazorg,en,4
Susanadiazorg,es,N
Suzusan,ja,1
Suzusan,en,4
Suzusan,ca,N
Suzusan,it,2
Suzusan,ko,2
Suzusan,pt,2
Suzusan,fr,3
Suzusan,es,N
Svalder,pt,2
Svalder,en,2
Svalder,it,1
Svalder,es,N
Svera,es,N
SwInAura,en,3
SwInAura,fr,2
SwInAura,ca,N
SwInAura,es,N
Switcher6746,en,3
Switcher6746,fr,2
Switcher6746,es,N
Switcher6746,de,1
T4x0n,en,2
T4x0n,es,N
T4x0n,fr,1
TMR2021,es,N
TMR2021,en,3
Taurëendil,en,2
Taurëendil,es,N
Taurëendil,fr,0
Tbhotch,en,3
Tbhotch,pt,1
Tbhotch,es,N
Tbhotch,fr,1
Tecsie,en,3
Tecsie,es,N
Teknad,en,3
Teknad,fr,4
Teknad,es,N
Teodoromix,ca,N
Teodoromix,es,N
Terinchu,en,4
Terinchu,es,N
Terinchu,ja,1
Tetrarca85,es,4
Tfeliz,es,N
Tfeliz,gl,N
Tfeliz,fr,N
Tfeliz,pt,3
Tfeliz,en,3
The Omniversal Man,es,N
The Omniversal Man,fr,1
The Omniversal Man,en,4
The Omniversal Man,ia,0
The Omniversal Man,eo,1
The Omniversal Man,ang,0
The STB,ca,N
The STB,en,1
The STB,es,N
The STB,fr,2
The STB,de,1
The-anyel,en,3
The-anyel,es,N
The-anyel,fr,2
Thelichprince,zh,1
Thelichprince,es,N
Thelichprince,qu,1
Thelichprince,de,2
Thelichprince,en,5
Themisteriman,es,N
Themisteriman,pt,2
Themisteriman,en,3
Thorm-bjkp55,es,N
Thorm-bjkp55,en,2
Thorm-bjkp55,fr,1
Thorm-bjkp55,ja,1
Tiputini,fr,3
Tiputini,ca,N
Tiputini,es,N
Tiputini,en,3
Tiramisu de Agráz,en,5
Tiramisu de Agráz,es,N
Tiramisu de Agráz,de,2
TitiSik,pt,2
TitiSik,en,4
TitiSik,es,N
TitiSik,fr,1
Toadzacion,es,N
Todoatlas,es,N
Todoatlas,en,2
Todoatlas,it,1
Todoatlas,fr,2
Tom 144,es,N
TomasVial,es,N
Tombatossals,es,N
Tombatossals,en,2
Toniher,ca,N
Toniher,fr,1
Toniher,ro,1
Toniher,en,3
Toniher,es,N
Tony Rotondas,en,2
Tony Rotondas,es,N
Tostadora,la,1
Tostadora,en,3
Tostadora,es,N
Toxwiki96,fr,2
Toxwiki96,es,N
Toxwiki96,en,3
Traitrich,es,N
Traitrich,en,4
Traitrich,fr,2
Traitrich,ru,1
Traitrich,de,N
Tralia,es,N
Tralia,de,1
Tralia,fr,1
Tralia,en,2
Tramullas,en,2
Tramullas,es,N
Trillo.gm,es,N
Trillo.gm,en,1
Tsaorin,es,N
Tsaorin,fr,1
Tsaorin,it,2
Tsaorin,en,2
Tuareg50,ca,N
Tuareg50,es,N
Twentyonepmorecvltbruh,es,N
Twentyonepmorecvltbruh,en,3
TxemaFinwe,eu,N
TxemaFinwe,en,2
TxemaFinwe,fr,1
TxemaFinwe,es,N
Tyk,en,4
Tyk,es,N
Tyrv,ja,1
Tyrv,es,N
Tyrv,de,1
Tyrv,en,N
Tzerj,fr,1
Tzerj,es,N
Tzerj,en,3
USI2020,es,N
USI2020,gl,N
Ucriesidelplata,es,N
Ulemas7,fr,N
Ulemas7,en,3
Ulemas7,es,N
Ulricus Angelus,en,2
Ulricus Angelus,la,5
Ulricus Angelus,nds,3
Ulricus Angelus,de,N
Ulricus Angelus,es,3
Umrhubhe,fr,2
Umrhubhe,ja,1
Umrhubhe,en,2
Umrhubhe,de,2
Umrhubhe,ca,N
Umrhubhe,es,N
Una Cabra Escéptica,fr,1
Una Cabra Escéptica,de,2
Una Cabra Escéptica,en,2
Una Cabra Escéptica,es,N
UnaManzanaNormal,es,N
UnaManzanaNormal,fr,1
UnaManzanaNormal,en,3
Unintended,fr,1
Unintended,es,N
Unintended,it,1
Unintended,en,2
Universalis,es,N
Universalis,en,2
Unmismoobjetivo,en,2
Unmismoobjetivo,es,N
Ursonate,es,N
Ursonate,en,5
Ursulabela,en,3
Ursulabela,es,N
Ursulabela,fr,3
Usalcedoz,fr,1
Usalcedoz,es,N
Usalcedoz,pt,1
Usalcedoz,en,3
Usuario14876,fr,1
Usuario14876,it,2
Usuario14876,en,5
Usuario14876,es,N
Usuario18499,en,1
Usuario18499,es,N
Vane Calero,es,N
Vane Calero,en,2
Vane Calero,eu,1
Vanished user e175adb86e72bb96a1706f7ab31b9df8,ca,N
Vanished user e175adb86e72bb96a1706f7ab31b9df8,en,3
Vanished user e175adb86e72bb96a1706f7ab31b9df8,es,3
Velarth,en,3
Velarth,es,N
Velarth,fr,1
Verónica LS,fr,1
Verónica LS,en,1
Verónica LS,es,N
Viascos,gl,N
Viascos,en,3
Viascos,pt,3
Viascos,es,N
Vicennnte,es,N
Vicennnte,en,3
Vicent2Mar,ca,N
Vicent2Mar,es,N
Vicent2Mar,fr,4
Vichock,es,N
Viferico,en,3
Viferico,es,N
Viferico,fr,2
Vilaf42,de,1
Vilaf42,en,3
Vilaf42,es,N
Villalaso,es,N
Villalaso,en,1
Visma17,es,N
Visma17,en,2
Visma17,eu,3
Vitrubius32,pl,1
Vitrubius32,de,1
Vitrubius32,it,1
Vitrubius32,en,2
Vitrubius32,ca,1
Vitrubius32,es,N
Vivalajuicys,es,N
Vivalajuicys,fr,1
Vivalajuicys,en,3
VonKellcsiis,de,2
VonKellcsiis,no,1
VonKellcsiis,en,3
VonKellcsiis,fr,2
VonKellcsiis,sv,1
VonKellcsiis,es,N
VonKellcsiis,da,1
VonKellcsiis,ja,1
Vsuarezp,ast,N
Vsuarezp,es,N
Vsuarezp,gl,2
Vsuarezp,en,2
Vsuarezp,ca,2
WM1990,en,3
WM1990,fr,1
WM1990,es,N
Warko,pt,1
Warko,es,N
Warko,en,5
Warko,it,1
Wasteitonme,en,4
Wasteitonme,es,N
WebOn HN,en,N
WebOn HN,es,N
Wifidel,en,3
Wifidel,es,N
Wiki López Antón,es,N
Wiki López Antón,fr,4
Wiki López Antón,en,2
WikiAnthony,es,N
WikiAnthony,en,3
WikiAnthony,it,3
WikiAnthony,pt,3
WikiDasher,fr,1
WikiDasher,es,N
WikiDasher,en,4
WikiUser22222,pt,N
WikiUser22222,es,1
WikiUser22222,en,2
Wikibogert123,fr,1
Wikibogert123,en,4
Wikibogert123,es,N
Wikidre,es,N
Wikidre,ja,2
Wikidre,pt,2
Wikidre,en,5
Wikidre,fr,2
Wikiedic.es,pt,1
Wikiedic.es,en,5
Wikiedic.es,es,N
Wikimaps34,ja,3
Wikimaps34,fr,5
Wikimaps34,ru,4
Wikimaps34,de,3
Wikimaps34,zh,3
Wikimaps34,pt,N
Wikimaps34,es,N
Wikimaps34,it,5
Wikimaps34,en,5
Wikinternet,en,2
Wikinternet,es,N
Wikiplayer99,fr,1
Wikiplayer99,en,2
Wikiplayer99,es,N
Wikiseldon,en,2
Wikiseldon,eo,2
Wikiseldon,es,N
Wolfhgangh,en,5
Wolfhgangh,ja,3
Wolfhgangh,de,1
Wolfhgangh,es,N
Wolfhgangh,fr,3
Wyffio,es,N
Wyffio,en,4
Xagunto,gn,2
Xagunto,zh,2
Xagunto,fr,3
Xagunto,es,N
Xagunto,en,4
XanaG,ast,1
XanaG,fr,2
XanaG,de,2
XanaG,es,N
XanaG,sv,3
XanaG,en,4
Xillegas,en,2
Xillegas,es,N
Xillegas,ja,1
Xlsb,ru,4
Xlsb,es,N
Xurugetu,it,3
Xurugetu,en,4
Xurugetu,fr,4
Xurugetu,gl,N
Xurugetu,de,3
Xurugetu,es,N
Xurugetu,pt,4
Xurugetu,ast,N
Xurugetu,af,1
Xurugetu,nl,2
Xurugetu,ca,N
Xvazquez,en,3
Xvazquez,fr,3
Xvazquez,ca,N
Xvazquez,es,N
XxjaggarxX,es,N
XxjaggarxX,en,4
Ybsen lucero,de,1
Ybsen lucero,es,N
Ybsen lucero,ca,1
Ybsen lucero,en,3
Ybsen lucero,ar,1
YdelaT,pt,1
YdelaT,es,N
YdelaT,en,1
YdelaT,nah,0
Yeagvr,fr,3
Yeagvr,uk,N
Yeagvr,es,3
Yeagvr,en,4
Yeagvr,de,3
Yeagvr,it,N
Yinglong999,it,2
Yinglong999,fr,1
Yinglong999,en,N
Yinglong999,pt,1
Yinglong999,es,3
Yov2017,en,1
Yov2017,fr,1
Yov2017,ca,1
Yov2017,qub,1
Yov2017,qu,1
Yov2017,es,N
Yov2017,it,1
Yov2017,pt,2
Ysidoro,pt,3
Ysidoro,en,2
Ysidoro,es,N
Zaca83,es,N
Zaca83,en,3
Zantrox,an,1
Zantrox,es,N
Zantrox,en,3
Zantrox,fr,2
Zantrox,ca,3
Zapipedia,es,N
Zapipedia,en,3
Zapipedia,pt,3
Zapipedia,ast,1
Zaradust,es,N
Zaradust,en,2
Zarasophos,en,4
Zarasophos,de,N
Zarasophos,la,1
Zarasophos,es,2
ZealousBlaze,es,N
ZealousBlaze,en,N
ZebaX2010,en,2
Zerubbavel,he,0
Zerubbavel,es,N
Zerubbavel,en,2
Zerubbavel,it,1
Zerubbavel,ca,4
Zibedea,es,N
Zibedea,en,3
Zibedea,fr,2
ZomCop,en,2
ZomCop,es,N
Zwars,es,N
Zwars,ja,1
Zwars,en,3
Águiladepapel,de,3
Águiladepapel,es,N
Águiladepapel,en,5
Águiladepapel,pt,1
Águiladepapel,fr,3
Águiladepapel,nl,2
Álex Fincher-Zulueta,es,N
Álex Fincher-Zulueta,en,N
Álvaro846,es,N
Álvaro846,gl,N
Álvaro846,de,1
Álvaro846,en,3
Æpherys,es,3
Æpherys,fr,N
Кардам,en,2
Кардам,bg,1
Кардам,es,N
Кардам,ca,2
Нильга,de,1
Нильга,ru,N
Нильга,en,2
Нильга,es,3
Нильга,be,N
